Q1,Q2,Q3,Q4
-42,,,
-90,,,
-101,,,
-19,,,
107,,,
108,,,
59,,,
47,,,
42,,,
46,,,
47,,,
39,,,
16,,,
-4,,,
-11,,,
-8,,,
-15,,,
-62,,,
-63,,,
-27,,,
-29,,,
-19,,,
-27,,,
-39,,,
-20,,,
-41,,,
-62,,,
-73,,,
-101,,,
-109,,,
-104,,,
-101,,,
-95,,,
-92,,,
-89,,,
-74,,,
-61,,,
-51,,,
-27,,,
-9,,,
-10,,,
-2,,,
2,,,
-25,,,
-48,,,
-61,,,
-67,,,
-32,,,
-2,,,
-5,,,
1,,,
13,,,
13,,,
17,,,
14,,,
1,,,
12,,,
32,,,
23,,,
9,,,
0,,,
-15,,,
-18,,,
-22,,,
-35,,,
-27,,,
-7,,,
13,,,
24,,,
25,,,
31,,,
43,,,
60,,,
73,,,
69,,,
58,,,
59,,,
80,,,
96,,,
96,,,
97,,,
88,,,
75,,,
64,,,
68,,,
94,,,
97,,,
96,,,
119,,,
112,,,
97,,,
128,,,
141,,,
94,,,
74,,,
91,,,
71,,,
43,,,
37,,,
34,,,
33,,,
18,,,
10,,,
14,,,
-3,,,
-4,,,
10,,,
8,,,
8,,,
5,,,
-11,,,
-29,,,
-21,,,
-14,,,
-28,,,
-12,,,
-3,,,
-26,,,
-30,,,
-12,,,
-10,,,
-54,,,
-82,,,
-68,,,
-59,,,
-69,,,
-75,,,
-57,,,
-45,,,
-41,,,
-23,,,
-19,,,
-40,,,
-55,,,
-60,,,
-83,,,
-92,,,
-70,,,
-63,,,
-60,,,
-53,,,
-58,,,
-58,,,
-68,,,
-91,,,
-86,,,
-73,,,
-70,,,
-33,,,
14,,,
10,,,
8,,,
19,,,
1,,,
-5,,,
-4,,,
12,,,
48,,,
28,,,
12,,,
36,,,
29,,,
17,,,
21,,,
31,,,
35,,,
21,,,
22,,,
29,,,
21,,,
30,,,
41,,,
51,,,
57,,,
38,,,
39,,,
51,,,
48,,,
56,,,
52,,,
38,,,
46,,,
41,,,
31,,,
50,,,
42,,,
28,,,
73,,,
91,,,
56,,,
39,,,
48,,,
49,,,
36,,,
44,,,
38,,,
18,,,
8,,,
-19,,,
-39,,,
-55,,,
-69,,,
-68,,,
-84,,,
-72,,,
-59,,,
-81,,,
-62,,,
-60,,,
-95,,,
-80,,,
-69,,,
-91,,,
-89,,,
-92,,,
-101,,,
-81,,,
-72,,,
-86,,,
-81,,,
-69,,,
-70,,,
-67,,,
-48,,,
-20,,,
2,,,
11,,,
11,,,
34,,,
77,,,
100,,,
96,,,
78,,,
77,,,
103,,,
110,,,
80,,,
57,,,
37,,,
36,,,
56,,,
29,,,
28,,,
58,,,
42,,,
45,,,
60,,,
46,,,
57,,,
74,,,
56,,,
41,,,
23,,,
-12,,,
-9,,,
-15,,,
-49,,,
-54,,,
-56,,,
-69,,,
-73,,,
-51,,,
-14,,,
3,,,
3,,,
-6,,,
-15,,,
-21,,,
-23,,,
-8,,,
0,,,
-17,,,
-38,,,
-46,,,
-47,,,
-65,,,
-67,,,
-27,,,
-14,,,
-33,,,
-45,,,
-41,,,
-27,,,
-34,,,
-30,,,
-9,,,
-5,,,
6,,,
20,,,
23,,,
12,,,
4,,,
16,,,
15,,,
1,,,
-12,,,
-9,,,
6,,,
-13,,,
-16,,,
26,,,
42,,,
34,,,
30,,,
35,,,
54,,,
70,,,
75,,,
65,,,
56,,,
53,,,
28,,,
31,,,
81,,,
95,,,
96,,,
90,,,
52,,,
51,,,
69,,,
54,,,
38,,,
41,,,
52,,,
42,,,
35,,,
60,,,
55,,,
38,,,
47,,,
29,,,
-9,,,
-35,,,
-33,,,
-30,,,
-43,,,
-43,,,
-77,,,
-122,,,
-141,,,
-143,,,
-134,,,
-155,,,
-164,,,
-150,,,
-145,,,
-112,,,
-80,,,
-61,,,
-38,,,
-41,,,
-51,,,
-79,,,
-101,,,
-68,,,
-51,,,
-64,,,
-58,,,
-46,,,
-40,,,
-39,,,
-20,,,
7,,,
9,,,
16,,,
25,,,
25,,,
35,,,
57,,,
67,,,
72,,,
116,,,
127,,,
89,,,
90,,,
82,,,
56,,,
47,,,
24,,,
20,,,
34,,,
25,,,
-7,,,
-46,,,
-58,,,
-40,,,
-39,,,
-37,,,
-25,,,
-9,,,
17,,,
-3,,,
-37,,,
-33,,,
-42,,,
-40,,,
-9,,,
15,,,
34,,,
34,,,
20,,,
37,,,
56,,,
27,,,
17,,,
56,,,
87,,,
104,,,
109,,,
93,,,
76,,,
72,,,
62,,,
44,,,
26,,,
23,,,
25,,,
3,,,
6,,,
23,,,
1,,,
-12,,,
-6,,,
-18,,,
-3,,,
23,,,
7,,,
12,,,
18,,,
-3,,,
2,,,
-15,,,
-50,,,
-49,,,
-34,,,
-25,,,
-25,,,
-14,,,
-17,,,
-46,,,
-47,,,
-36,,,
-34,,,
-24,,,
-28,,,
-41,,,
-50,,,
-70,,,
-92,,,
-108,,,
-125,,,
-121,,,
-107,,,
-101,,,
-93,,,
-71,,,
-49,,,
-48,,,
-29,,,
38,,,
62,,,
28,,,
35,,,
49,,,
20,,,
16,,,
31,,,
29,,,
41,,,
54,,,
45,,,
44,,,
53,,,
64,,,
77,,,
95,,,
114,,,
102,,,
65,,,
47,,,
51,,,
32,,,
-4,,,
6,,,
17,,,
9,,,
8,,,
2,,,
5,,,
19,,,
26,,,
15,,,
-4,,,
3,,,
20,,,
19,,,
13,,,
11,,,
-2,,,
-17,,,
-3,,,
23,,,
37,,,
37,,,
38,,,
56,,,
57,,,
42,,,
32,,,
16,,,
-2,,,
-28,,,
-59,,,
-69,,,
-64,,,
-71,,,
-66,,,
-49,,,
-69,,,
-75,,,
-28,,,
9,,,
20,,,
6,,,
-3,,,
10,,,
12,,,
0,,,
-16,,,
-40,,,
-58,,,
-63,,,
-62,,,
-50,,,
-43,,,
-43,,,
-23,,,
-20,,,
-25,,,
3,,,
21,,,
18,,,
18,,,
35,,,
62,,,
44,,,
4,,,
-7,,,
-29,,,
-36,,,
-14,,,
-7,,,
-13,,,
-24,,,
-18,,,
-5,,,
-14,,,
-9,,,
4,,,
7,,,
9,,,
-1,,,
1,,,
30,,,
50,,,
62,,,
79,,,
86,,,
96,,,
108,,,
90,,,
80,,,
92,,,
92,,,
78,,,
52,,,
52,,,
66,,,
59,,,
57,,,
29,,,
11,,,
47,,,
54,,,
44,,,
35,,,
31,,,
31,,,
0,,,
-11,,,
-17,,,
-36,,,
-35,,,
-52,,,
-63,,,
-73,,,
-104,,,
-97,,,
-89,,,
-109,,,
-105,,,
-81,,,
-49,,,
-26,,,
-36,,,
-54,,,
-68,,,
-70,,,
-65,,,
-68,,,
-57,,,
-51,,,
-62,,,
-71,,,
-76,,,
-64,,,
-46,,,
-47,,,
-50,,,
-56,,,
-48,,,
-33,,,
-57,,,
-57,,,
-30,,,
-30,,,
-20,,,
-13,,,
-29,,,
-44,,,
-32,,,
-5,,,
-6,,,
4,,,
34,,,
45,,,
52,,,
75,,,
110,,,
121,,,
101,,,
107,,,
136,,,
148,,,
161,,,
172,,,
156,,,
134,,,
121,,,
126,,,
133,,,
138,,,
150,,,
126,,,
87,,,
80,,,
98,,,
113,,,
83,,,
55,,,
51,,,
24,,,
17,,,
26,,,
2,,,
-17,,,
-12,,,
-23,,,
-52,,,
-62,,,
-53,,,
-43,,,
-47,,,
-43,,,
-27,,,
-37,,,
-53,,,
-41,,,
-47,,,
-82,,,
-77,,,
-61,,,
-78,,,
-79,,,
-80,,,
-88,,,
-71,,,
-69,,,
-86,,,
-86,,,
-90,,,
-91,,,
-64,,,
-49,,,
-51,,,
-44,,,
-43,,,
-57,,,
-69,,,
-76,,,
-76,,,
-82,,,
-85,,,
-80,,,
-65,,,
-41,,,
-57,,,
-90,,,
-95,,,
-78,,,
-58,,,
-47,,,
-34,,,
-29,,,
-50,,,
-84,,,
-87,,,
-44,,,
-10,,,
-9,,,
-19,,,
-59,,,
-97,,,
-80,,,
-65,,,
-67,,,
-47,,,
-20,,,
-9,,,
-24,,,
-30,,,
2,,,
44,,,
67,,,
64,,,
62,,,
51,,,
41,,,
54,,,
48,,,
46,,,
49,,,
36,,,
28,,,
16,,,
30,,,
58,,,
39,,,
9,,,
-6,,,
-22,,,
-27,,,
-25,,,
-25,,,
-26,,,
-23,,,
-6,,,
2,,,
6,,,
40,,,
61,,,
65,,,
88,,,
99,,,
88,,,
71,,,
65,,,
67,,,
75,,,
110,,,
145,,,
149,,,
140,,,
127,,,
111,,,
102,,,
93,,,
96,,,
129,,,
152,,,
133,,,
130,,,
127,,,
89,,,
90,,,
125,,,
116,,,
94,,,
107,,,
107,,,
79,,,
63,,,
60,,,
64,,,
68,,,
53,,,
44,,,
36,,,
-12,,,
-50,,,
-66,,,
-96,,,
-110,,,
-118,,,
-113,,,
-103,,,
-125,,,
-135,,,
-128,,,
-141,,,
-153,,,
-137,,,
-116,,,
-113,,,
-95,,,
-79,,,
-90,,,
-92,,,
-90,,,
-75,,,
-29,,,
-21,,,
-37,,,
-40,,,
-63,,,
-71,,,
-56,,,
-48,,,
-32,,,
-6,,,
12,,,
6,,,
-18,,,
-21,,,
-10,,,
-26,,,
-42,,,
-27,,,
-21,,,
-42,,,
-38,,,
-36,,,
-54,,,
-41,,,
-18,,,
-3,,,
8,,,
3,,,
-9,,,
-12,,,
-4,,,
-1,,,
-4,,,
-12,,,
-10,,,
-7,,,
-22,,,
-15,,,
-4,,,
-32,,,
-46,,,
-40,,,
-65,,,
-67,,,
-39,,,
-28,,,
-21,,,
-32,,,
-35,,,
-9,,,
0,,,
12,,,
32,,,
34,,,
36,,,
47,,,
45,,,
42,,,
38,,,
19,,,
4,,,
-3,,,
-15,,,
-10,,,
10,,,
22,,,
39,,,
46,,,
36,,,
34,,,
30,,,
52,,,
71,,,
47,,,
60,,,
83,,,
73,,,
89,,,
94,,,
73,,,
65,,,
56,,,
51,,,
50,,,
46,,,
56,,,
52,,,
38,,,
59,,,
58,,,
37,,,
59,,,
77,,,
63,,,
53,,,
51,,,
60,,,
55,,,
39,,,
68,,,
80,,,
30,,,
17,,,
33,,,
21,,,
16,,,
13,,,
1,,,
-21,,,
-53,,,
-49,,,
-50,,,
-78,,,
-79,,,
-67,,,
-75,,,
-90,,,
-90,,,
-84,,,
-64,,,
-55,,,
-99,,,
-104,,,
-92,,,
-137,,,
-148,,,
-134,,,
-149,,,
-156,,,
-151,,,
-148,,,
-143,,,
-132,,,
-94,,,
-40,,,
-19,,,
6,,,
33,,,
13,,,
8,,,
9,,,
-13,,,
-16,,,
-20,,,
-37,,,
-44,,,
-16,,,
24,,,
40,,,
65,,,
81,,,
84,,,
99,,,
106,,,
112,,,
124,,,
150,,,
185,,,
179,,,
158,,,
158,,,
150,,,
146,,,
155,,,
135,,,
89,,,
78,,,
83,,,
65,,,
66,,,
56,,,
35,,,
35,,,
6,,,
-8,,,
-7,,,
-29,,,
-42,,,
-52,,,
-53,,,
-59,,,
-83,,,
-82,,,
-69,,,
-78,,,
-78,,,
-60,,,
-73,,,
-95,,,
-103,,,
-121,,,
-131,,,
-124,,,
-86,,,
-77,,,
-130,,,
-125,,,
-82,,,
-81,,,
-56,,,
-36,,,
-53,,,
-52,,,
-38,,,
-40,,,
-44,,,
-22,,,
3,,,
6,,,
20,,,
28,,,
36,,,
50,,,
45,,,
67,,,
88,,,
89,,,
112,,,
110,,,
109,,,
122,,,
89,,,
58,,,
66,,,
101,,,
124,,,
116,,,
136,,,
161,,,
146,,,
117,,,
87,,,
74,,,
91,,,
93,,,
73,,,
60,,,
46,,,
48,,,
60,,,
39,,,
8,,,
-3,,,
-3,,,
-9,,,
-32,,,
-56,,,
-69,,,
-85,,,
-92,,,
-71,,,
-69,,,
-76,,,
-75,,,
-81,,,
-71,,,
-68,,,
-73,,,
-94,,,
-127,,,
-130,,,
-139,,,
-155,,,
-158,,,
-156,,,
-149,,,
-136,,,
-111,,,
-113,,,
-119,,,
-91,,,
-98,,,
-111,,,
-85,,,
-62,,,
-54,,,
-54,,,
-55,,,
-53,,,
-48,,,
-34,,,
-18,,,
-16,,,
-24,,,
-9,,,
6,,,
-5,,,
-23,,,
-41,,,
-42,,,
-25,,,
-24,,,
-30,,,
-38,,,
-44,,,
-25,,,
6,,,
11,,,
1,,,
14,,,
30,,,
41,,,
65,,,
68,,,
73,,,
127,,,
152,,,
126,,,
147,,,
164,,,
119,,,
109,,,
120,,,
107,,,
97,,,
82,,,
68,,,
54,,,
39,,,
42,,,
28,,,
9,,,
21,,,
21,,,
3,,,
6,,,
10,,,
1,,,
5,,,
7,,,
8,,,
21,,,
22,,,
23,,,
26,,,
13,,,
5,,,
14,,,
12,,,
1,,,
7,,,
17,,,
9,,,
3,,,
-9,,,
-29,,,
-26,,,
-22,,,
-24,,,
-1,,,
14,,,
11,,,
12,,,
23,,,
32,,,
40,,,
46,,,
5,,,
-12,,,
30,,,
21,,,
-12,,,
-9,,,
-17,,,
-25,,,
-5,,,
0,,,
-25,,,
-25,,,
7,,,
35,,,
55,,,
60,,,
56,,,
57,,,
50,,,
34,,,
9,,,
4,,,
30,,,
3,,,
-35,,,
-21,,,
-24,,,
-24,,,
-3,,,
24,,,
52,,,
49,,,
52,,,
64,,,
59,,,
55,,,
39,,,
34,,,
41,,,
26,,,
4,,,
-2,,,
5,,,
-12,,,
-37,,,
-33,,,
-26,,,
-19,,,
-5,,,
3,,,
-6,,,
-13,,,
0,,,
1,,,
-14,,,
-7,,,
-11,,,
-42,,,
-52,,,
-59,,,
-74,,,
-73,,,
-77,,,
-84,,,
-91,,,
-103,,,
-111,,,
-117,,,
-122,,,
-103,,,
-95,,,
-84,,,
-57,,,
-62,,,
-45,,,
-8,,,
-13,,,
-12,,,
28,,,
42,,,
11,,,
6,,,
16,,,
18,,,
20,,,
10,,,
2,,,
6,,,
11,,,
-3,,,
-36,,,
-40,,,
-29,,,
-56,,,
-54,,,
-22,,,
-34,,,
-37,,,
-8,,,
8,,,
3,,,
11,,,
42,,,
35,,,
1,,,
-2,,,
17,,,
24,,,
29,,,
55,,,
60,,,
31,,,
17,,,
27,,,
28,,,
15,,,
2,,,
-11,,,
-20,,,
-14,,,
0,,,
17,,,
34,,,
34,,,
63,,,
101,,,
99,,,
112,,,
120,,,
112,,,
118,,,
104,,,
98,,,
82,,,
35,,,
31,,,
20,,,
-42,,,
-65,,,
-64,,,
-85,,,
-86,,,
-61,,,
-50,,,
-45,,,
-29,,,
-10,,,
-8,,,
-27,,,
-26,,,
-13,,,
-19,,,
-13,,,
4,,,
17,,,
27,,,
26,,,
23,,,
31,,,
67,,,
98,,,
96,,,
118,,,
145,,,
134,,,
121,,,
120,,,
110,,,
100,,,
88,,,
71,,,
79,,,
73,,,
38,,,
38,,,
27,,,
-27,,,
-71,,,
-76,,,
-60,,,
-74,,,
-109,,,
-99,,,
-71,,,
-81,,,
-96,,,
-95,,,
-106,,,
-119,,,
-117,,,
-125,,,
-113,,,
-92,,,
-110,,,
-106,,,
-99,,,
-90,,,
-59,,,
-80,,,
-95,,,
-62,,,
-43,,,
-28,,,
-23,,,
-32,,,
-30,,,
-26,,,
-21,,,
-24,,,
-28,,,
-15,,,
-11,,,
4,,,
22,,,
2,,,
5,,,
35,,,
33,,,
31,,,
28,,,
20,,,
26,,,
15,,,
-11,,,
-27,,,
-39,,,
-32,,,
-24,,,
-40,,,
-41,,,
-34,,,
-34,,,
-17,,,
-7,,,
1,,,
9,,,
-5,,,
-16,,,
-16,,,
-20,,,
-31,,,
-35,,,
-17,,,
-3,,,
-2,,,
1,,,
5,,,
28,,,
68,,,
76,,,
67,,,
72,,,
77,,,
70,,,
58,,,
64,,,
67,,,
46,,,
28,,,
31,,,
33,,,
17,,,
38,,,
67,,,
47,,,
28,,,
18,,,
11,,,
13,,,
15,,,
0,,,
-35,,,
-37,,,
-6,,,
-2,,,
-5,,,
5,,,
-2,,,
-16,,,
-19,,,
-21,,,
-20,,,
-14,,,
-13,,,
-17,,,
-8,,,
7,,,
-4,,,
-20,,,
5,,,
28,,,
10,,,
24,,,
69,,,
71,,,
63,,,
70,,,
76,,,
63,,,
49,,,
68,,,
57,,,
27,,,
46,,,
65,,,
82,,,
103,,,
91,,,
78,,,
79,,,
51,,,
13,,,
16,,,
41,,,
70,,,
80,,,
43,,,
0,,,
4,,,
33,,,
35,,,
4,,,
-34,,,
-63,,,
-59,,,
-54,,,
-57,,,
-44,,,
-53,,,
-73,,,
-87,,,
-121,,,
-123,,,
-90,,,
-93,,,
-120,,,
-119,,,
-120,,,
-120,,,
-85,,,
-63,,,
-65,,,
-55,,,
-55,,,
-60,,,
-52,,,
-39,,,
-35,,,
-36,,,
-30,,,
-27,,,
-17,,,
-5,,,
-6,,,
-14,,,
-34,,,
-29,,,
-17,,,
-33,,,
-24,,,
-3,,,
-8,,,
-9,,,
-2,,,
-11,,,
-11,,,
2,,,
23,,,
48,,,
38,,,
12,,,
27,,,
43,,,
32,,,
25,,,
35,,,
41,,,
31,,,
48,,,
92,,,
84,,,
67,,,
95,,,
105,,,
73,,,
47,,,
42,,,
26,,,
8,,,
-15,,,
-40,,,
-21,,,
-13,,,
-34,,,
-43,,,
-46,,,
-39,,,
-59,,,
-71,,,
-30,,,
-19,,,
-24,,,
-29,,,
-48,,,
-43,,,
-31,,,
-14,,,
-26,,,
-36,,,
1,,,
-5,,,
-16,,,
-12,,,
-24,,,
-22,,,
-39,,,
-24,,,
29,,,
36,,,
34,,,
33,,,
43,,,
75,,,
57,,,
30,,,
25,,,
9,,,
27,,,
50,,,
48,,,
38,,,
14,,,
27,,,
50,,,
34,,,
37,,,
48,,,
54,,,
66,,,
65,,,
70,,,
81,,,
83,,,
66,,,
28,,,
-8,,,
-31,,,
-23,,,
-11,,,
-13,,,
17,,,
23,,,
-5,,,
-18,,,
-20,,,
-15,,,
-26,,,
-24,,,
-15,,,
-41,,,
-57,,,
-61,,,
-70,,,
-51,,,
-16,,,
-21,,,
-38,,,
-33,,,
-30,,,
-17,,,
-11,,,
-27,,,
-12,,,
-3,,,
-34,,,
-33,,,
-10,,,
8,,,
25,,,
18,,,
17,,,
13,,,
0,,,
26,,,
45,,,
20,,,
7,,,
5,,,
-15,,,
-12,,,
-10,,,
-33,,,
-13,,,
13,,,
17,,,
29,,,
26,,,
28,,,
38,,,
29,,,
16,,,
12,,,
18,,,
34,,,
41,,,
36,,,
48,,,
53,,,
37,,,
32,,,
23,,,
14,,,
21,,,
20,,,
3,,,
-11,,,
-6,,,
6,,,
14,,,
-6,,,
-36,,,
-33,,,
-27,,,
-28,,,
-14,,,
-26,,,
-26,,,
-7,,,
-30,,,
-36,,,
-17,,,
-21,,,
-33,,,
-55,,,
-72,,,
-70,,,
-48,,,
-28,,,
-28,,,
-6,,,
13,,,
12,,,
29,,,
25,,,
12,,,
39,,,
38,,,
2,,,
4,,,
18,,,
16,,,
22,,,
30,,,
45,,,
40,,,
2,,,
8,,,
48,,,
53,,,
46,,,
59,,,
77,,,
60,,,
8,,,
-22,,,
-22,,,
0,,,
18,,,
-5,,,
-25,,,
-23,,,
-50,,,
-84,,,
-112,,,
-150,,,
-160,,,
-148,,,
-152,,,
-147,,,
-109,,,
-92,,,
-92,,,
-79,,,
-95,,,
-101,,,
-93,,,
-110,,,
-98,,,
-76,,,
-69,,,
-53,,,
-47,,,
-42,,,
-37,,,
-32,,,
-16,,,
-14,,,
-23,,,
-30,,,
-47,,,
-30,,,
1,,,
2,,,
-9,,,
-23,,,
-20,,,
-20,,,
-31,,,
6,,,
46,,,
47,,,
63,,,
59,,,
51,,,
91,,,
101,,,
94,,,
109,,,
104,,,
112,,,
136,,,
133,,,
126,,,
138,,,
149,,,
150,,,
147,,,
116,,,
89,,,
102,,,
95,,,
56,,,
23,,,
21,,,
28,,,
15,,,
23,,,
38,,,
42,,,
39,,,
26,,,
20,,,
11,,,
-9,,,
-5,,,
12,,,
-7,,,
-31,,,
-31,,,
-38,,,
-50,,,
-50,,,
-50,,,
-62,,,
-70,,,
-68,,,
-63,,,
-63,,,
-48,,,
-36,,,
-56,,,
-49,,,
-19,,,
-24,,,
-23,,,
-4,,,
-15,,,
-32,,,
-35,,,
-45,,,
-51,,,
-29,,,
-9,,,
-11,,,
-15,,,
-13,,,
-18,,,
-7,,,
19,,,
28,,,
31,,,
38,,,
40,,,
55,,,
57,,,
46,,,
67,,,
63,,,
28,,,
38,,,
56,,,
75,,,
85,,,
59,,,
47,,,
47,,,
56,,,
66,,,
60,,,
80,,,
99,,,
80,,,
54,,,
48,,,
51,,,
45,,,
36,,,
46,,,
62,,,
44,,,
17,,,
24,,,
23,,,
2,,,
2,,,
3,,,
-12,,,
-39,,,
-66,,,
-70,,,
-76,,,
-87,,,
-89,,,
-104,,,
-113,,,
-105,,,
-105,,,
-91,,,
-68,,,
-76,,,
-87,,,
-93,,,
-92,,,
-72,,,
-66,,,
-70,,,
-59,,,
-55,,,
-62,,,
-62,,,
-43,,,
-36,,,
-70,,,
-81,,,
-49,,,
-40,,,
-37,,,
-32,,,
-68,,,
-82,,,
-51,,,
-62,,,
-80,,,
-59,,,
-50,,,
-60,,,
-68,,,
-58,,,
-52,,,
-57,,,
-47,,,
-40,,,
-19,,,
20,,,
28,,,
19,,,
16,,,
36,,,
71,,,
83,,,
105,,,
137,,,
115,,,
91,,,
114,,,
117,,,
86,,,
58,,,
67,,,
90,,,
65,,,
42,,,
35,,,
26,,,
47,,,
62,,,
58,,,
24,,,
-4,,,
11,,,
17,,,
23,,,
18,,,
5,,,
23,,,
27,,,
24,,,
31,,,
25,,,
17,,,
13,,,
21,,,
22,,,
22,,,
42,,,
39,,,
31,,,
38,,,
43,,,
57,,,
66,,,
68,,,
53,,,
28,,,
42,,,
61,,,
54,,,
50,,,
38,,,
16,,,
-8,,,
-20,,,
-10,,,
-16,,,
-35,,,
-15,,,
11,,,
4,,,
-6,,,
-12,,,
-23,,,
-7,,,
11,,,
-3,,,
-12,,,
4,,,
27,,,
34,,,
40,,,
48,,,
42,,,
51,,,
59,,,
53,,,
62,,,
62,,,
46,,,
34,,,
8,,,
-8,,,
18,,,
22,,,
-6,,,
-22,,,
-55,,,
-99,,,
-79,,,
-46,,,
-67,,,
-83,,,
-84,,,
-97,,,
-96,,,
-91,,,
-102,,,
-103,,,
-115,,,
-127,,,
-101,,,
-93,,,
-85,,,
-69,,,
-77,,,
-49,,,
-22,,,
-44,,,
-21,,,
21,,,
11,,,
3,,,
-7,,,
-19,,,
-4,,,
-6,,,
-15,,,
-28,,,
-32,,,
-2,,,
-4,,,
-11,,,
7,,,
1,,,
0,,,
1,,,
1,,,
23,,,
29,,,
10,,,
-8,,,
-2,,,
11,,,
-6,,,
-8,,,
4,,,
-20,,,
-28,,,
-2,,,
8,,,
9,,,
4,,,
4,,,
6,,,
1,,,
16,,,
30,,,
17,,,
11,,,
12,,,
32,,,
54,,,
44,,,
43,,,
41,,,
15,,,
-10,,,
-22,,,
-13,,,
-11,,,
-14,,,
-20,,,
-45,,,
-39,,,
-19,,,
-43,,,
-62,,,
-44,,,
-25,,,
-18,,,
4,,,
33,,,
45,,,
40,,,
35,,,
31,,,
15,,,
18,,,
37,,,
37,,,
45,,,
66,,,
60,,,
43,,,
51,,,
59,,,
58,,,
53,,,
25,,,
9,,,
15,,,
25,,,
39,,,
25,,,
29,,,
57,,,
23,,,
-12,,,
-17,,,
-42,,,
-45,,,
-35,,,
-58,,,
-78,,,
-60,,,
-55,,,
-80,,,
-72,,,
-57,,,
-53,,,
-23,,,
-3,,,
7,,,
22,,,
24,,,
21,,,
-5,,,
-15,,,
-1,,,
-18,,,
-4,,,
29,,,
16,,,
6,,,
-4,,,
-7,,,
8,,,
-12,,,
-15,,,
5,,,
-16,,,
-6,,,
34,,,
41,,,
38,,,
29,,,
24,,,
8,,,
-27,,,
-38,,,
-73,,,
-114,,,
-86,,,
-68,,,
-72,,,
-55,,,
-30,,,
-2,,,
-12,,,
-28,,,
14,,,
31,,,
0,,,
-6,,,
7,,,
18,,,
42,,,
48,,,
36,,,
41,,,
50,,,
31,,,
8,,,
9,,,
5,,,
-1,,,
12,,,
-1,,,
-21,,,
-9,,,
-9,,,
-32,,,
-39,,,
-34,,,
-30,,,
-24,,,
-21,,,
-32,,,
-30,,,
-3,,,
19,,,
37,,,
49,,,
60,,,
90,,,
117,,,
112,,,
98,,,
96,,,
97,,,
99,,,
95,,,
80,,,
66,,,
71,,,
71,,,
49,,,
40,,,
31,,,
20,,,
15,,,
11,,,
13,,,
5,,,
13,,,
48,,,
50,,,
12,,,
-3,,,
-10,,,
-26,,,
-14,,,
-2,,,
-22,,,
-25,,,
-6,,,
-6,,,
-18,,,
-18,,,
-17,,,
-22,,,
-13,,,
8,,,
-12,,,
-28,,,
-12,,,
-32,,,
-24,,,
-3,,,
-25,,,
-16,,,
-11,,,
-23,,,
-24,,,
-39,,,
-47,,,
-61,,,
-65,,,
-65,,,
-100,,,
-106,,,
-87,,,
-96,,,
-106,,,
-98,,,
-93,,,
-99,,,
-94,,,
-101,,,
-125,,,
-111,,,
-78,,,
-66,,,
-64,,,
-44,,,
-26,,,
-25,,,
-6,,,
12,,,
1,,,
5,,,
22,,,
8,,,
11,,,
36,,,
33,,,
37,,,
47,,,
28,,,
10,,,
21,,,
22,,,
-2,,,
6,,,
5,,,
-22,,,
-6,,,
-1,,,
-11,,,
14,,,
37,,,
47,,,
47,,,
46,,,
55,,,
52,,,
49,,,
41,,,
18,,,
2,,,
11,,,
33,,,
47,,,
60,,,
59,,,
57,,,
82,,,
88,,,
67,,,
66,,,
75,,,
55,,,
44,,,
63,,,
59,,,
42,,,
48,,,
47,,,
24,,,
3,,,
-10,,,
-15,,,
-3,,,
-3,,,
-5,,,
5,,,
11,,,
20,,,
33,,,
41,,,
47,,,
52,,,
48,,,
43,,,
52,,,
33,,,
-12,,,
-22,,,
0,,,
17,,,
28,,,
35,,,
36,,,
56,,,
86,,,
73,,,
47,,,
41,,,
30,,,
29,,,
40,,,
38,,,
50,,,
63,,,
42,,,
26,,,
8,,,
-5,,,
-7,,,
-40,,,
-42,,,
-21,,,
-26,,,
-18,,,
-18,,,
-22,,,
-16,,,
2,,,
29,,,
7,,,
-16,,,
-4,,,
-29,,,
-71,,,
-72,,,
-56,,,
-67,,,
-71,,,
-75,,,
-90,,,
-93,,,
-131,,,
-166,,,
-165,,,
-173,,,
-168,,,
-173,,,
-180,,,
-157,,,
-144,,,
-149,,,
-144,,,
-109,,,
-82,,,
-92,,,
-111,,,
-117,,,
-100,,,
-100,,,
-115,,,
-92,,,
-67,,,
-64,,,
-33,,,
-8,,,
-25,,,
-19,,,
16,,,
41,,,
56,,,
58,,,
51,,,
44,,,
35,,,
20,,,
21,,,
36,,,
39,,,
34,,,
43,,,
72,,,
86,,,
94,,,
98,,,
82,,,
78,,,
67,,,
48,,,
48,,,
58,,,
76,,,
57,,,
37,,,
78,,,
95,,,
87,,,
98,,,
91,,,
94,,,
96,,,
74,,,
80,,,
93,,,
98,,,
131,,,
136,,,
99,,,
87,,,
97,,,
82,,,
57,,,
42,,,
36,,,
42,,,
32,,,
5,,,
-15,,,
-26,,,
-14,,,
-6,,,
-22,,,
-30,,,
-42,,,
-60,,,
-60,,,
-40,,,
-13,,,
-1,,,
3,,,
-9,,,
-25,,,
-15,,,
-5,,,
1,,,
2,,,
-15,,,
-31,,,
-39,,,
-42,,,
-64,,,
-88,,,
-78,,,
-67,,,
-50,,,
-50,,,
-73,,,
-72,,,
-74,,,
-63,,,
-40,,,
-72,,,
-101,,,
-77,,,
-81,,,
-114,,,
-107,,,
-99,,,
-113,,,
-93,,,
-62,,,
-47,,,
-50,,,
-49,,,
-22,,,
-7,,,
-7,,,
-2,,,
9,,,
28,,,
53,,,
65,,,
51,,,
41,,,
39,,,
32,,,
53,,,
64,,,
50,,,
31,,,
9,,,
11,,,
15,,,
3,,,
-16,,,
-26,,,
-19,,,
-34,,,
-24,,,
9,,,
0,,,
7,,,
17,,,
0,,,
-10,,,
-19,,,
9,,,
33,,,
4,,,
11,,,
16,,,
-29,,,
-34,,,
-42,,,
-60,,,
-39,,,
-28,,,
-11,,,
5,,,
-2,,,
14,,,
26,,,
39,,,
65,,,
75,,,
66,,,
65,,,
93,,,
98,,,
90,,,
103,,,
96,,,
82,,,
100,,,
128,,,
114,,,
93,,,
108,,,
107,,,
84,,,
68,,,
49,,,
31,,,
49,,,
82,,,
70,,,
62,,,
94,,,
86,,,
60,,,
41,,,
17,,,
24,,,
21,,,
17,,,
32,,,
4,,,
-30,,,
-42,,,
-60,,,
-75,,,
-92,,,
-113,,,
-127,,,
-140,,,
-141,,,
-135,,,
-124,,,
-123,,,
-154,,,
-147,,,
-102,,,
-106,,,
-118,,,
-105,,,
-106,,,
-117,,,
-123,,,
-100,,,
-55,,,
-62,,,
-81,,,
-56,,,
-39,,,
-39,,,
-34,,,
-26,,,
-18,,,
3,,,
27,,,
28,,,
56,,,
99,,,
77,,,
74,,,
110,,,
99,,,
88,,,
97,,,
100,,,
109,,,
93,,,
57,,,
52,,,
62,,,
59,,,
45,,,
43,,,
70,,,
75,,,
54,,,
58,,,
49,,,
36,,,
56,,,
65,,,
70,,,
76,,,
78,,,
99,,,
91,,,
68,,,
64,,,
54,,,
57,,,
60,,,
35,,,
18,,,
24,,,
47,,,
51,,,
33,,,
51,,,
71,,,
85,,,
100,,,
73,,,
36,,,
16,,,
11,,,
30,,,
18,,,
-16,,,
-20,,,
-31,,,
-36,,,
-40,,,
-62,,,
-51,,,
-50,,,
-70,,,
-56,,,
-49,,,
-49,,,
-39,,,
-42,,,
-54,,,
-55,,,
-52,,,
-57,,,
-50,,,
-33,,,
-41,,,
-63,,,
-77,,,
-75,,,
-48,,,
-42,,,
-69,,,
-98,,,
-135,,,
-146,,,
-110,,,
-90,,,
-82,,,
-46,,,
-8,,,
3,,,
1,,,
6,,,
-6,,,
-39,,,
-33,,,
-17,,,
-19,,,
-6,,,
-22,,,
-31,,,
17,,,
26,,,
14,,,
30,,,
20,,,
18,,,
33,,,
32,,,
44,,,
51,,,
37,,,
22,,,
-3,,,
-15,,,
-26,,,
-54,,,
-67,,,
-66,,,
-53,,,
-36,,,
-37,,,
-51,,,
-68,,,
-95,,,
-111,,,
-86,,,
-73,,,
-84,,,
-68,,,
-56,,,
-30,,,
15,,,
14,,,
11,,,
17,,,
1,,,
6,,,
15,,,
17,,,
20,,,
-2,,,
0,,,
27,,,
26,,,
9,,,
-11,,,
-25,,,
-14,,,
19,,,
37,,,
16,,,
14,,,
26,,,
3,,,
-11,,,
1,,,
16,,,
35,,,
28,,,
27,,,
48,,,
55,,,
63,,,
55,,,
73,,,
108,,,
92,,,
98,,,
111,,,
77,,,
64,,,
71,,,
56,,,
40,,,
39,,,
46,,,
49,,,
28,,,
9,,,
26,,,
50,,,
55,,,
59,,,
64,,,
66,,,
77,,,
51,,,
5,,,
21,,,
53,,,
44,,,
8,,,
-13,,,
3,,,
22,,,
30,,,
45,,,
31,,,
-12,,,
-26,,,
-7,,,
12,,,
10,,,
10,,,
35,,,
53,,,
46,,,
37,,,
50,,,
63,,,
44,,,
25,,,
39,,,
51,,,
40,,,
15,,,
-32,,,
-59,,,
-54,,,
-66,,,
-91,,,
-85,,,
-42,,,
-30,,,
-42,,,
-54,,,
-89,,,
-107,,,
-126,,,
-159,,,
-182,,,
-217,,,
-218,,,
-200,,,
-196,,,
-175,,,
-174,,,
-170,,,
-129,,,
-102,,,
-95,,,
-80,,,
-31,,,
4,,,
-8,,,
-12,,,
-15,,,
-20,,,
4,,,
14,,,
1,,,
0,,,
-3,,,
-35,,,
-45,,,
-25,,,
-22,,,
1,,,
15,,,
9,,,
14,,,
-10,,,
-5,,,
24,,,
13,,,
6,,,
3,,,
3,,,
18,,,
9,,,
-14,,,
-25,,,
-14,,,
15,,,
29,,,
25,,,
41,,,
52,,,
46,,,
67,,,
80,,,
74,,,
77,,,
72,,,
74,,,
85,,,
82,,,
76,,,
60,,,
56,,,
54,,,
28,,,
34,,,
44,,,
32,,,
49,,,
56,,,
55,,,
64,,,
49,,,
50,,,
61,,,
49,,,
52,,,
52,,,
32,,,
30,,,
39,,,
38,,,
36,,,
40,,,
64,,,
97,,,
99,,,
80,,,
73,,,
76,,,
68,,,
65,,,
74,,,
65,,,
46,,,
40,,,
41,,,
33,,,
11,,,
-5,,,
-10,,,
-29,,,
-41,,,
-26,,,
-28,,,
-51,,,
-69,,,
-64,,,
-70,,,
-103,,,
-104,,,
-100,,,
-98,,,
-71,,,
-73,,,
-86,,,
-84,,,
-70,,,
-47,,,
-55,,,
-77,,,
-74,,,
-78,,,
-84,,,
-67,,,
-54,,,
-60,,,
-56,,,
-59,,,
-70,,,
-60,,,
-55,,,
-67,,,
-70,,,
-56,,,
-57,,,
-64,,,
-54,,,
-65,,,
-59,,,
-34,,,
-38,,,
-23,,,
-6,,,
-20,,,
-31,,,
-41,,,
-41,,,
-29,,,
-12,,,
11,,,
19,,,
40,,,
87,,,
117,,,
127,,,
131,,,
135,,,
111,,,
79,,,
103,,,
117,,,
101,,,
117,,,
111,,,
97,,,
149,,,
153,,,
105,,,
121,,,
120,,,
108,,,
129,,,
111,,,
101,,,
113,,,
100,,,
87,,,
61,,,
26,,,
14,,,
-11,,,
-48,,,
-48,,,
-60,,,
-99,,,
-107,,,
-95,,,
-89,,,
-84,,,
-92,,,
-113,,,
-116,,,
-123,,,
-139,,,
-122,,,
-93,,,
-80,,,
-74,,,
-93,,,
-118,,,
-114,,,
-125,,,
-142,,,
-110,,,
-62,,,
-37,,,
-53,,,
-71,,,
-48,,,
-23,,,
-24,,,
-23,,,
-10,,,
-5,,,
16,,,
37,,,
18,,,
13,,,
30,,,
58,,,
84,,,
66,,,
55,,,
72,,,
66,,,
58,,,
73,,,
85,,,
80,,,
55,,,
42,,,
59,,,
60,,,
38,,,
51,,,
63,,,
15,,,
-23,,,
-8,,,
14,,,
17,,,
35,,,
50,,,
37,,,
31,,,
5,,,
-19,,,
-10,,,
-36,,,
-61,,,
-50,,,
-56,,,
-65,,,
-41,,,
-19,,,
-30,,,
-48,,,
-50,,,
-47,,,
-49,,,
-43,,,
-39,,,
-46,,,
-43,,,
-27,,,
-15,,,
-11,,,
-12,,,
-36,,,
-48,,,
-27,,,
-43,,,
-42,,,
-5,,,
-44,,,
-68,,,
-40,,,
-48,,,
-36,,,
-16,,,
-7,,,
10,,,
15,,,
25,,,
15,,,
6,,,
36,,,
45,,,
36,,,
40,,,
30,,,
35,,,
73,,,
105,,,
108,,,
104,,,
97,,,
85,,,
94,,,
108,,,
110,,,
104,,,
77,,,
57,,,
47,,,
34,,,
36,,,
38,,,
40,,,
75,,,
86,,,
45,,,
50,,,
77,,,
61,,,
63,,,
74,,,
51,,,
31,,,
30,,,
19,,,
7,,,
5,,,
6,,,
-1,,,
-20,,,
-23,,,
-35,,,
-51,,,
-38,,,
-35,,,
-30,,,
-10,,,
-12,,,
-39,,,
-70,,,
-78,,,
-79,,,
-90,,,
-91,,,
-93,,,
-96,,,
-83,,,
-85,,,
-118,,,
-141,,,
-130,,,
-115,,,
-111,,,
-94,,,
-72,,,
-62,,,
-57,,,
-50,,,
-25,,,
-3,,,
-11,,,
-13,,,
-4,,,
0,,,
7,,,
-6,,,
-17,,,
12,,,
17,,,
3,,,
19,,,
9,,,
-5,,,
21,,,
30,,,
41,,,
65,,,
59,,,
31,,,
15,,,
9,,,
-25,,,
-50,,,
-53,,,
-57,,,
-43,,,
-38,,,
-63,,,
-65,,,
-59,,,
-71,,,
-62,,,
-38,,,
-22,,,
-27,,,
-35,,,
-23,,,
-29,,,
-36,,,
-22,,,
-1,,,
-7,,,
-31,,,
-16,,,
-5,,,
-12,,,
-14,,,
-14,,,
-11,,,
-26,,,
-32,,,
-41,,,
-54,,,
-42,,,
-33,,,
5,,,
35,,,
18,,,
54,,,
80,,,
56,,,
79,,,
82,,,
62,,,
86,,,
83,,,
83,,,
98,,,
83,,,
60,,,
45,,,
53,,,
68,,,
71,,,
69,,,
75,,,
94,,,
93,,,
92,,,
112,,,
92,,,
73,,,
86,,,
79,,,
80,,,
80,,,
74,,,
68,,,
46,,,
44,,,
34,,,
-3,,,
-7,,,
1,,,
-8,,,
1,,,
7,,,
-11,,,
13,,,
33,,,
-1,,,
3,,,
36,,,
30,,,
34,,,
38,,,
21,,,
22,,,
1,,,
-35,,,
-47,,,
-53,,,
-41,,,
-30,,,
-43,,,
-34,,,
-30,,,
-46,,,
-46,,,
-25,,,
15,,,
10,,,
-20,,,
-16,,,
-20,,,
-41,,,
-59,,,
-57,,,
-44,,,
-36,,,
-28,,,
-44,,,
-65,,,
-58,,,
-46,,,
-46,,,
-49,,,
-63,,,
-78,,,
-69,,,
-57,,,
-56,,,
-43,,,
-30,,,
-12,,,
4,,,
1,,,
4,,,
6,,,
11,,,
37,,,
52,,,
53,,,
41,,,
19,,,
39,,,
74,,,
52,,,
22,,,
35,,,
57,,,
67,,,
67,,,
71,,,
66,,,
41,,,
34,,,
38,,,
21,,,
5,,,
-1,,,
-11,,,
-13,,,
-3,,,
5,,,
7,,,
-11,,,
-23,,,
-16,,,
-28,,,
-43,,,
-45,,,
-42,,,
-29,,,
-15,,,
-8,,,
-21,,,
-24,,,
-17,,,
-32,,,
-31,,,
2,,,
20,,,
17,,,
15,,,
8,,,
13,,,
32,,,
49,,,
37,,,
-21,,,
-24,,,
28,,,
26,,,
0,,,
-20,,,
-52,,,
-65,,,
-57,,,
-47,,,
-50,,,
-46,,,
-8,,,
13,,,
0,,,
-4,,,
18,,,
37,,,
21,,,
3,,,
-3,,,
-12,,,
-9,,,
3,,,
15,,,
17,,,
28,,,
55,,,
53,,,
54,,,
68,,,
40,,,
25,,,
42,,,
25,,,
15,,,
23,,,
-5,,,
-7,,,
37,,,
43,,,
28,,,
34,,,
15,,,
-18,,,
-23,,,
-14,,,
-16,,,
-31,,,
-41,,,
-43,,,
-22,,,
-2,,,
-18,,,
-27,,,
-23,,,
-52,,,
-80,,,
-68,,,
-77,,,
-97,,,
-87,,,
-97,,,
-93,,,
-63,,,
-62,,,
-53,,,
-39,,,
-44,,,
-41,,,
-22,,,
0,,,
-5,,,
-21,,,
-40,,,
-62,,,
-55,,,
-68,,,
-81,,,
-35,,,
-13,,,
-23,,,
-22,,,
-17,,,
26,,,
53,,,
14,,,
15,,,
40,,,
28,,,
32,,,
44,,,
40,,,
20,,,
17,,,
36,,,
13,,,
12,,,
40,,,
22,,,
16,,,
35,,,
34,,,
16,,,
8,,,
21,,,
18,,,
17,,,
32,,,
13,,,
-12,,,
-9,,,
-5,,,
-2,,,
1,,,
11,,,
30,,,
23,,,
12,,,
27,,,
5,,,
-30,,,
-30,,,
-49,,,
-51,,,
-38,,,
-27,,,
16,,,
24,,,
2,,,
-12,,,
-45,,,
-55,,,
-39,,,
-28,,,
-5,,,
8,,,
16,,,
43,,,
55,,,
32,,,
22,,,
43,,,
54,,,
50,,,
56,,,
66,,,
71,,,
87,,,
76,,,
38,,,
34,,,
42,,,
58,,,
82,,,
73,,,
59,,,
31,,,
0,,,
18,,,
14,,,
-7,,,
7,,,
18,,,
21,,,
27,,,
37,,,
29,,,
25,,,
47,,,
48,,,
30,,,
-2,,,
-29,,,
-16,,,
-25,,,
-47,,,
-41,,,
-56,,,
-83,,,
-83,,,
-74,,,
-66,,,
-56,,,
-55,,,
-50,,,
-25,,,
-3,,,
9,,,
-3,,,
-25,,,
-9,,,
10,,,
-2,,,
-14,,,
-16,,,
-26,,,
-25,,,
-17,,,
-25,,,
-21,,,
-14,,,
-22,,,
-29,,,
-35,,,
-38,,,
-36,,,
-16,,,
-1,,,
-25,,,
-58,,,
-74,,,
-76,,,
-71,,,
-59,,,
-41,,,
-39,,,
-33,,,
-11,,,
-1,,,
5,,,
22,,,
33,,,
28,,,
25,,,
27,,,
23,,,
9,,,
5,,,
32,,,
30,,,
-8,,,
-20,,,
-15,,,
-4,,,
-4,,,
-15,,,
-7,,,
14,,,
24,,,
4,,,
-13,,,
3,,,
1,,,
-16,,,
-5,,,
-5,,,
-29,,,
-37,,,
-36,,,
-33,,,
-23,,,
-13,,,
6,,,
24,,,
43,,,
54,,,
37,,,
63,,,
104,,,
81,,,
71,,,
99,,,
103,,,
93,,,
96,,,
78,,,
31,,,
23,,,
32,,,
6,,,
-4,,,
12,,,
9,,,
7,,,
19,,,
18,,,
10,,,
3,,,
-3,,,
-7,,,
-32,,,
-62,,,
-54,,,
-43,,,
-65,,,
-67,,,
-52,,,
-70,,,
-87,,,
-101,,,
-113,,,
-92,,,
-76,,,
-69,,,
-36,,,
-29,,,
-41,,,
-22,,,
-23,,,
-46,,,
-47,,,
-23,,,
30,,,
79,,,
76,,,
34,,,
26,,,
45,,,
53,,,
67,,,
54,,,
32,,,
49,,,
52,,,
49,,,
51,,,
35,,,
46,,,
65,,,
53,,,
30,,,
15,,,
33,,,
52,,,
34,,,
7,,,
-17,,,
-31,,,
-39,,,
-56,,,
-61,,,
-64,,,
-69,,,
-57,,,
-41,,,
-23,,,
-17,,,
-10,,,
5,,,
4,,,
13,,,
21,,,
7,,,
-10,,,
-32,,,
-36,,,
-29,,,
-48,,,
-50,,,
-14,,,
-2,,,
1,,,
27,,,
37,,,
43,,,
40,,,
27,,,
22,,,
22,,,
19,,,
18,,,
19,,,
27,,,
33,,,
11,,,
15,,,
53,,,
28,,,
-14,,,
-6,,,
5,,,
17,,,
39,,,
52,,,
59,,,
39,,,
22,,,
40,,,
27,,,
0,,,
0,,,
3,,,
28,,,
50,,,
47,,,
51,,,
42,,,
32,,,
29,,,
31,,,
47,,,
33,,,
6,,,
11,,,
21,,,
8,,,
14,,,
20,,,
0,,,
4,,,
9,,,
19,,,
52,,,
51,,,
41,,,
45,,,
43,,,
40,,,
9,,,
-8,,,
3,,,
-13,,,
-25,,,
-15,,,
-6,,,
-3,,,
-1,,,
-10,,,
-28,,,
-41,,,
-81,,,
-104,,,
-77,,,
-75,,,
-87,,,
-90,,,
-97,,,
-95,,,
-106,,,
-111,,,
-80,,,
-61,,,
-54,,,
-46,,,
-57,,,
-63,,,
-58,,,
-42,,,
-27,,,
-40,,,
-37,,,
-22,,,
-32,,,
-25,,,
-6,,,
-16,,,
-34,,,
-34,,,
-18,,,
-13,,,
-29,,,
-44,,,
-53,,,
-49,,,
-49,,,
-64,,,
-71,,,
-81,,,
-77,,,
-56,,,
-52,,,
-37,,,
4,,,
41,,,
45,,,
26,,,
7,,,
-7,,,
8,,,
17,,,
21,,,
41,,,
44,,,
62,,,
73,,,
51,,,
39,,,
61,,,
65,,,
42,,,
75,,,
83,,,
37,,,
34,,,
21,,,
4,,,
19,,,
18,,,
40,,,
58,,,
20,,,
11,,,
21,,,
1,,,
8,,,
39,,,
50,,,
57,,,
59,,,
44,,,
43,,,
59,,,
79,,,
100,,,
98,,,
97,,,
101,,,
87,,,
89,,,
93,,,
71,,,
56,,,
37,,,
9,,,
14,,,
40,,,
58,,,
68,,,
67,,,
42,,,
11,,,
12,,,
13,,,
-3,,,
21,,,
40,,,
7,,,
-5,,,
7,,,
-22,,,
-49,,,
-58,,,
-78,,,
-53,,,
-34,,,
-90,,,
-89,,,
-33,,,
-20,,,
-29,,,
-39,,,
-40,,,
-30,,,
-22,,,
-19,,,
-27,,,
-41,,,
-48,,,
-35,,,
-39,,,
-57,,,
-61,,,
-49,,,
-16,,,
-13,,,
-18,,,
3,,,
-26,,,
-47,,,
-15,,,
-5,,,
10,,,
33,,,
24,,,
22,,,
11,,,
5,,,
17,,,
0,,,
-29,,,
-50,,,
-50,,,
-35,,,
-61,,,
-70,,,
-30,,,
-23,,,
-31,,,
-7,,,
12,,,
13,,,
19,,,
37,,,
52,,,
64,,,
70,,,
53,,,
29,,,
27,,,
34,,,
34,,,
25,,,
2,,,
-12,,,
-10,,,
-5,,,
0,,,
1,,,
-2,,,
-12,,,
-12,,,
-3,,,
-4,,,
-26,,,
-42,,,
-37,,,
-26,,,
-9,,,
-4,,,
0,,,
14,,,
6,,,
-33,,,
-64,,,
-60,,,
-62,,,
-64,,,
-58,,,
-72,,,
-85,,,
-114,,,
-137,,,
-113,,,
-103,,,
-126,,,
-130,,,
-101,,,
-67,,,
-46,,,
-17,,,
-1,,,
-3,,,
20,,,
39,,,
39,,,
48,,,
45,,,
45,,,
60,,,
68,,,
61,,,
52,,,
64,,,
85,,,
100,,,
106,,,
109,,,
115,,,
112,,,
115,,,
127,,,
116,,,
94,,,
97,,,
91,,,
69,,,
64,,,
52,,,
53,,,
81,,,
87,,,
80,,,
59,,,
15,,,
9,,,
25,,,
2,,,
-13,,,
-1,,,
-8,,,
-26,,,
-28,,,
-18,,,
-23,,,
-29,,,
-2,,,
28,,,
27,,,
31,,,
50,,,
56,,,
59,,,
60,,,
50,,,
40,,,
28,,,
6,,,
-17,,,
-50,,,
-68,,,
-53,,,
-86,,,
-124,,,
-110,,,
-118,,,
-114,,,
-93,,,
-103,,,
-102,,,
-94,,,
-100,,,
-94,,,
-85,,,
-79,,,
-67,,,
-62,,,
-60,,,
-46,,,
-25,,,
-13,,,
-9,,,
5,,,
10,,,
11,,,
35,,,
38,,,
40,,,
72,,,
95,,,
112,,,
115,,,
95,,,
77,,,
72,,,
84,,,
87,,,
71,,,
75,,,
85,,,
54,,,
21,,,
42,,,
66,,,
62,,,
62,,,
61,,,
48,,,
29,,,
18,,,
15,,,
-11,,,
-48,,,
-38,,,
-23,,,
-41,,,
-47,,,
-57,,,
-51,,,
-26,,,
-46,,,
-52,,,
-46,,,
-70,,,
-61,,,
-30,,,
-30,,,
-37,,,
-29,,,
-31,,,
-34,,,
-34,,,
-46,,,
-38,,,
-34,,,
-37,,,
-31,,,
-52,,,
-72,,,
-72,,,
-50,,,
-1,,,
37,,,
36,,,
19,,,
29,,,
36,,,
30,,,
33,,,
21,,,
14,,,
-8,,,
-67,,,
-99,,,
-112,,,
-132,,,
-128,,,
-101,,,
-77,,,
-66,,,
-75,,,
-81,,,
-63,,,
-30,,,
-12,,,
-27,,,
-26,,,
0,,,
-9,,,
-20,,,
-22,,,
-44,,,
-54,,,
-53,,,
-49,,,
-23,,,
-5,,,
14,,,
38,,,
31,,,
27,,,
15,,,
-14,,,
5,,,
40,,,
39,,,
32,,,
23,,,
6,,,
2,,,
32,,,
64,,,
51,,,
51,,,
77,,,
60,,,
27,,,
18,,,
23,,,
35,,,
32,,,
13,,,
19,,,
14,,,
-19,,,
-17,,,
5,,,
9,,,
13,,,
14,,,
-13,,,
-34,,,
-34,,,
-56,,,
-55,,,
-48,,,
-87,,,
-93,,,
-59,,,
-56,,,
-67,,,
-60,,,
-42,,,
-40,,,
-40,,,
-22,,,
-19,,,
-4,,,
25,,,
36,,,
53,,,
59,,,
46,,,
29,,,
30,,,
58,,,
52,,,
16,,,
2,,,
5,,,
6,,,
1,,,
-4,,,
-5,,,
-3,,,
-1,,,
-8,,,
-3,,,
5,,,
-3,,,
-6,,,
2,,,
7,,,
8,,,
21,,,
21,,,
1,,,
6,,,
35,,,
38,,,
34,,,
57,,,
54,,,
35,,,
36,,,
50,,,
58,,,
39,,,
35,,,
61,,,
66,,,
48,,,
38,,,
43,,,
35,,,
22,,,
26,,,
16,,,
8,,,
8,,,
-5,,,
20,,,
59,,,
45,,,
37,,,
67,,,
89,,,
80,,,
67,,,
64,,,
40,,,
24,,,
40,,,
30,,,
16,,,
38,,,
52,,,
53,,,
66,,,
56,,,
33,,,
43,,,
47,,,
29,,,
25,,,
32,,,
15,,,
-10,,,
-30,,,
-48,,,
-50,,,
-48,,,
-51,,,
-62,,,
-74,,,
-77,,,
-80,,,
-70,,,
-56,,,
-54,,,
-50,,,
-53,,,
-42,,,
-20,,,
-23,,,
-27,,,
-18,,,
-15,,,
-46,,,
-60,,,
-19,,,
-14,,,
-31,,,
1,,,
12,,,
-3,,,
13,,,
17,,,
-1,,,
-15,,,
-45,,,
-55,,,
-35,,,
-33,,,
-21,,,
8,,,
12,,,
-13,,,
-45,,,
-45,,,
-25,,,
-29,,,
-34,,,
-41,,,
-57,,,
-44,,,
-44,,,
-91,,,
-101,,,
-66,,,
-71,,,
-100,,,
-103,,,
-93,,,
-71,,,
-40,,,
-26,,,
-18,,,
-1,,,
25,,,
46,,,
58,,,
86,,,
82,,,
59,,,
79,,,
82,,,
65,,,
77,,,
66,,,
33,,,
22,,,
16,,,
9,,,
-8,,,
-21,,,
-8,,,
-20,,,
-34,,,
2,,,
20,,,
13,,,
37,,,
70,,,
76,,,
72,,,
57,,,
28,,,
12,,,
1,,,
-15,,,
-1,,,
24,,,
18,,,
-1,,,
-2,,,
4,,,
-6,,,
-11,,,
15,,,
24,,,
13,,,
4,,,
-19,,,
-12,,,
-13,,,
-33,,,
-22,,,
-18,,,
-11,,,
-4,,,
-5,,,
0,,,
-34,,,
-58,,,
-53,,,
-61,,,
-46,,,
-17,,,
-11,,,
-17,,,
-40,,,
-68,,,
-67,,,
-55,,,
-65,,,
-72,,,
-55,,,
-18,,,
5,,,
-7,,,
0,,,
31,,,
43,,,
45,,,
54,,,
73,,,
114,,,
134,,,
137,,,
146,,,
118,,,
113,,,
125,,,
84,,,
79,,,
100,,,
95,,,
98,,,
99,,,
105,,,
102,,,
84,,,
74,,,
62,,,
69,,,
84,,,
69,,,
44,,,
25,,,
22,,,
11,,,
-27,,,
-46,,,
-52,,,
-50,,,
-36,,,
-51,,,
-68,,,
-76,,,
-91,,,
-75,,,
-84,,,
-134,,,
-138,,,
-126,,,
-123,,,
-114,,,
-125,,,
-123,,,
-100,,,
-111,,,
-119,,,
-90,,,
-90,,,
-93,,,
-75,,,
-99,,,
-114,,,
-93,,,
-97,,,
-111,,,
-98,,,
-68,,,
-26,,,
-5,,,
8,,,
26,,,
10,,,
10,,,
41,,,
75,,,
104,,,
118,,,
123,,,
109,,,
123,,,
149,,,
132,,,
129,,,
137,,,
129,,,
122,,,
93,,,
48,,,
29,,,
19,,,
25,,,
63,,,
89,,,
90,,,
77,,,
49,,,
35,,,
29,,,
16,,,
-7,,,
-27,,,
-17,,,
-10,,,
-17,,,
-19,,,
-16,,,
-24,,,
-42,,,
-43,,,
-33,,,
-21,,,
-15,,,
-30,,,
-38,,,
-21,,,
-17,,,
-24,,,
-21,,,
-20,,,
-8,,,
-6,,,
-23,,,
-22,,,
-20,,,
-14,,,
-10,,,
-33,,,
-39,,,
-33,,,
-46,,,
-42,,,
-29,,,
-35,,,
-52,,,
-57,,,
-54,,,
-67,,,
-56,,,
-33,,,
-47,,,
-45,,,
-48,,,
-79,,,
-79,,,
-81,,,
-96,,,
-111,,,
-108,,,
-70,,,
-61,,,
-77,,,
-69,,,
-56,,,
-52,,,
-57,,,
-32,,,
21,,,
24,,,
4,,,
17,,,
17,,,
11,,,
25,,,
31,,,
27,,,
33,,,
48,,,
48,,,
53,,,
59,,,
59,,,
89,,,
101,,,
74,,,
61,,,
52,,,
41,,,
30,,,
30,,,
48,,,
54,,,
72,,,
89,,,
95,,,
104,,,
84,,,
77,,,
91,,,
73,,,
69,,,
64,,,
32,,,
2,,,
-9,,,
-3,,,
-10,,,
1,,,
11,,,
-8,,,
5,,,
30,,,
39,,,
33,,,
8,,,
4,,,
21,,,
20,,,
12,,,
31,,,
65,,,
63,,,
35,,,
33,,,
41,,,
33,,,
33,,,
48,,,
50,,,
36,,,
23,,,
18,,,
25,,,
13,,,
-10,,,
-10,,,
-18,,,
-31,,,
-17,,,
-9,,,
-9,,,
-5,,,
-35,,,
-63,,,
-72,,,
-89,,,
-81,,,
-59,,,
-77,,,
-82,,,
-31,,,
-3,,,
5,,,
19,,,
-4,,,
-25,,,
-34,,,
-45,,,
-34,,,
-20,,,
-15,,,
-29,,,
-44,,,
-45,,,
-64,,,
-84,,,
-79,,,
-69,,,
-60,,,
-80,,,
-99,,,
-67,,,
-51,,,
-50,,,
-38,,,
-48,,,
-45,,,
-25,,,
-18,,,
5,,,
33,,,
49,,,
55,,,
24,,,
15,,,
28,,,
-12,,,
-24,,,
8,,,
20,,,
16,,,
-13,,,
-45,,,
-45,,,
-26,,,
-2,,,
-11,,,
-34,,,
-30,,,
-6,,,
12,,,
0,,,
-9,,,
-1,,,
2,,,
9,,,
5,,,
-5,,,
10,,,
38,,,
37,,,
17,,,
43,,,
64,,,
39,,,
23,,,
-6,,,
-40,,,
-24,,,
-14,,,
-27,,,
-24,,,
-25,,,
-23,,,
-13,,,
-2,,,
15,,,
14,,,
26,,,
38,,,
38,,,
63,,,
47,,,
-2,,,
-18,,,
-18,,,
-8,,,
-1,,,
-15,,,
-39,,,
-35,,,
4,,,
24,,,
22,,,
41,,,
47,,,
5,,,
-36,,,
-29,,,
-2,,,
-9,,,
-34,,,
-33,,,
-41,,,
-30,,,
21,,,
27,,,
32,,,
99,,,
137,,,
125,,,
127,,,
120,,,
95,,,
96,,,
103,,,
96,,,
91,,,
84,,,
86,,,
80,,,
64,,,
75,,,
56,,,
11,,,
20,,,
19,,,
10,,,
35,,,
17,,,
-26,,,
-19,,,
1,,,
-3,,,
-45,,,
-75,,,
-59,,,
-69,,,
-78,,,
-66,,,
-71,,,
-74,,,
-76,,,
-71,,,
-62,,,
-83,,,
-93,,,
-72,,,
-64,,,
-65,,,
-71,,,
-60,,,
-33,,,
-41,,,
-49,,,
-44,,,
-42,,,
-43,,,
-60,,,
-37,,,
0,,,
-24,,,
-25,,,
3,,,
13,,,
38,,,
55,,,
64,,,
84,,,
92,,,
99,,,
106,,,
106,,,
111,,,
105,,,
112,,,
126,,,
98,,,
75,,,
77,,,
92,,,
102,,,
65,,,
38,,,
28,,,
-17,,,
-47,,,
-41,,,
-33,,,
-33,,,
-37,,,
-52,,,
-56,,,
-42,,,
-55,,,
-70,,,
-64,,,
-75,,,
-103,,,
-105,,,
-74,,,
-65,,,
-83,,,
-76,,,
-73,,,
-91,,,
-117,,,
-116,,,
-85,,,
-87,,,
-86,,,
-75,,,
-76,,,
-45,,,
-39,,,
-67,,,
-75,,,
-69,,,
-51,,,
-46,,,
-32,,,
-21,,,
-46,,,
-44,,,
-30,,,
-19,,,
4,,,
18,,,
31,,,
24,,,
12,,,
10,,,
13,,,
28,,,
17,,,
33,,,
99,,,
122,,,
111,,,
96,,,
65,,,
52,,,
58,,,
55,,,
53,,,
48,,,
42,,,
42,,,
17,,,
-3,,,
20,,,
27,,,
3,,,
6,,,
26,,,
17,,,
5,,,
12,,,
1,,,
-8,,,
7,,,
-27,,,
-63,,,
-33,,,
-26,,,
-32,,,
-18,,,
-26,,,
-31,,,
-10,,,
18,,,
24,,,
25,,,
31,,,
11,,,
0,,,
22,,,
17,,,
1,,,
9,,,
8,,,
18,,,
30,,,
2,,,
-8,,,
10,,,
16,,,
29,,,
24,,,
33,,,
68,,,
50,,,
13,,,
11,,,
22,,,
27,,,
29,,,
32,,,
17,,,
-12,,,
-21,,,
1,,,
5,,,
4,,,
20,,,
0,,,
-22,,,
-9,,,
-15,,,
-40,,,
-45,,,
-18,,,
-11,,,
-32,,,
-19,,,
-17,,,
-46,,,
-42,,,
-29,,,
-35,,,
-57,,,
-54,,,
-32,,,
-48,,,
-67,,,
-69,,,
-58,,,
-36,,,
-37,,,
-25,,,
0,,,
7,,,
16,,,
19,,,
22,,,
18,,,
-11,,,
-20,,,
-1,,,
12,,,
33,,,
54,,,
60,,,
74,,,
82,,,
90,,,
104,,,
91,,,
74,,,
68,,,
56,,,
65,,,
76,,,
76,,,
93,,,
93,,,
98,,,
116,,,
100,,,
69,,,
33,,,
6,,,
19,,,
37,,,
35,,,
36,,,
34,,,
26,,,
20,,,
1,,,
-5,,,
13,,,
12,,,
-1,,,
5,,,
5,,,
-15,,,
-32,,,
-62,,,
-77,,,
-60,,,
-54,,,
-51,,,
-38,,,
-39,,,
-51,,,
-63,,,
-85,,,
-88,,,
-63,,,
-48,,,
-52,,,
-59,,,
-69,,,
-70,,,
-53,,,
-60,,,
-86,,,
-94,,,
-101,,,
-111,,,
-120,,,
-118,,,
-104,,,
-104,,,
-96,,,
-80,,,
-81,,,
-98,,,
-113,,,
-106,,,
-110,,,
-126,,,
-100,,,
-79,,,
-82,,,
-64,,,
-44,,,
-18,,,
2,,,
16,,,
53,,,
72,,,
72,,,
93,,,
112,,,
117,,,
112,,,
103,,,
98,,,
82,,,
88,,,
125,,,
149,,,
157,,,
155,,,
146,,,
160,,,
189,,,
184,,,
188,,,
232,,,
234,,,
223,,,
231,,,
210,,,
188,,,
172,,,
135,,,
126,,,
134,,,
100,,,
95,,,
107,,,
77,,,
86,,,
97,,,
83,,,
65,,,
5,,,
-19,,,
-10,,,
-38,,,
-62,,,
-72,,,
-93,,,
-115,,,
-118,,,
-112,,,
-113,,,
-127,,,
-139,,,
-137,,,
-129,,,
-127,,,
-135,,,
-132,,,
-127,,,
-155,,,
-173,,,
-171,,,
-166,,,
-150,,,
-162,,,
-175,,,
-143,,,
-132,,,
-153,,,
-145,,,
-124,,,
-123,,,
-114,,,
-95,,,
-87,,,
-75,,,
-30,,,
9,,,
-2,,,
-9,,,
3,,,
6,,,
2,,,
-1,,,
4,,,
19,,,
62,,,
68,,,
36,,,
43,,,
39,,,
32,,,
58,,,
57,,,
34,,,
21,,,
17,,,
27,,,
34,,,
19,,,
2,,,
13,,,
18,,,
-17,,,
-31,,,
-12,,,
0,,,
-4,,,
-11,,,
5,,,
8,,,
-26,,,
-40,,,
-30,,,
-44,,,
-58,,,
-61,,,
-62,,,
-22,,,
23,,,
22,,,
0,,,
-30,,,
-38,,,
-9,,,
-5,,,
-31,,,
-16,,,
7,,,
-15,,,
-17,,,
8,,,
25,,,
38,,,
33,,,
33,,,
63,,,
80,,,
84,,,
104,,,
108,,,
106,,,
123,,,
135,,,
145,,,
150,,,
136,,,
126,,,
114,,,
101,,,
116,,,
141,,,
136,,,
119,,,
107,,,
92,,,
95,,,
100,,,
69,,,
37,,,
26,,,
14,,,
8,,,
25,,,
24,,,
8,,,
5,,,
6,,,
14,,,
-5,,,
-40,,,
-48,,,
-27,,,
-9,,,
-29,,,
-25,,,
1,,,
14,,,
30,,,
25,,,
15,,,
17,,,
9,,,
11,,,
20,,,
-4,,,
-32,,,
-29,,,
-16,,,
-27,,,
-51,,,
-51,,,
-62,,,
-78,,,
-70,,,
-85,,,
-84,,,
-65,,,
-91,,,
-121,,,
-130,,,
-150,,,
-154,,,
-137,,,
-134,,,
-122,,,
-101,,,
-96,,,
-87,,,
-92,,,
-113,,,
-103,,,
-109,,,
-146,,,
-134,,,
-101,,,
-90,,,
-68,,,
-83,,,
-129,,,
-112,,,
-80,,,
-79,,,
-54,,,
-28,,,
-17,,,
-10,,,
-13,,,
-6,,,
4,,,
0,,,
-4,,,
-2,,,
-7,,,
-3,,,
21,,,
32,,,
36,,,
41,,,
46,,,
49,,,
48,,,
46,,,
49,,,
56,,,
41,,,
3,,,
0,,,
19,,,
16,,,
21,,,
26,,,
31,,,
39,,,
38,,,
50,,,
56,,,
68,,,
87,,,
55,,,
34,,,
58,,,
61,,,
55,,,
52,,,
64,,,
95,,,
90,,,
85,,,
108,,,
124,,,
126,,,
107,,,
102,,,
109,,,
99,,,
94,,,
101,,,
111,,,
117,,,
110,,,
92,,,
87,,,
113,,,
127,,,
94,,,
69,,,
56,,,
21,,,
3,,,
0,,,
6,,,
22,,,
7,,,
-12,,,
1,,,
5,,,
-5,,,
-17,,,
-39,,,
-46,,,
-35,,,
-12,,,
-3,,,
-33,,,
-38,,,
-41,,,
-53,,,
-33,,,
-47,,,
-56,,,
-27,,,
-17,,,
-19,,,
-20,,,
-17,,,
-13,,,
-12,,,
-8,,,
-1,,,
-11,,,
-19,,,
-5,,,
-14,,,
-25,,,
-19,,,
-57,,,
-79,,,
-46,,,
-31,,,
-48,,,
-82,,,
-93,,,
-77,,,
-81,,,
-89,,,
-83,,,
-88,,,
-100,,,
-117,,,
-130,,,
-134,,,
-148,,,
-161,,,
-142,,,
-116,,,
-111,,,
-113,,,
-107,,,
-103,,,
-109,,,
-99,,,
-75,,,
-62,,,
-43,,,
-20,,,
1,,,
15,,,
10,,,
25,,,
56,,,
72,,,
74,,,
57,,,
74,,,
97,,,
73,,,
82,,,
116,,,
125,,,
123,,,
93,,,
66,,,
70,,,
54,,,
22,,,
5,,,
11,,,
37,,,
35,,,
6,,,
6,,,
19,,,
9,,,
-1,,,
-4,,,
-22,,,
-23,,,
1,,,
-19,,,
-57,,,
-45,,,
-52,,,
-78,,,
-76,,,
-92,,,
-111,,,
-89,,,
-71,,,
-84,,,
-84,,,
-79,,,
-74,,,
-51,,,
-62,,,
-67,,,
-40,,,
-40,,,
-40,,,
-34,,,
-20,,,
-8,,,
-9,,,
10,,,
23,,,
34,,,
58,,,
48,,,
35,,,
34,,,
28,,,
32,,,
37,,,
70,,,
124,,,
136,,,
139,,,
161,,,
170,,,
154,,,
134,,,
152,,,
164,,,
156,,,
152,,,
127,,,
120,,,
118,,,
91,,,
82,,,
89,,,
83,,,
84,,,
116,,,
125,,,
99,,,
75,,,
66,,,
87,,,
100,,,
88,,,
73,,,
46,,,
18,,,
10,,,
5,,,
-10,,,
-12,,,
-32,,,
-69,,,
-53,,,
-28,,,
-30,,,
-51,,,
-78,,,
-74,,,
-57,,,
-50,,,
-56,,,
-70,,,
-67,,,
-72,,,
-92,,,
-99,,,
-95,,,
-90,,,
-102,,,
-120,,,
-125,,,
-123,,,
-119,,,
-128,,,
-140,,,
-140,,,
-141,,,
-143,,,
-136,,,
-136,,,
-135,,,
-120,,,
-100,,,
-80,,,
-71,,,
-69,,,
-75,,,
-50,,,
-6,,,
-30,,,
-67,,,
-29,,,
23,,,
36,,,
26,,,
19,,,
19,,,
-8,,,
-27,,,
-6,,,
-2,,,
5,,,
10,,,
0,,,
15,,,
21,,,
9,,,
11,,,
33,,,
41,,,
36,,,
38,,,
34,,,
37,,,
53,,,
45,,,
20,,,
11,,,
14,,,
21,,,
33,,,
53,,,
71,,,
91,,,
116,,,
116,,,
94,,,
77,,,
57,,,
34,,,
46,,,
63,,,
32,,,
22,,,
43,,,
55,,,
63,,,
51,,,
40,,,
31,,,
32,,,
58,,,
68,,,
65,,,
59,,,
47,,,
37,,,
36,,,
66,,,
94,,,
92,,,
95,,,
109,,,
98,,,
63,,,
48,,,
58,,,
47,,,
27,,,
18,,,
-11,,,
-36,,,
-42,,,
-38,,,
-16,,,
-22,,,
-67,,,
-82,,,
-71,,,
-90,,,
-99,,,
-104,,,
-135,,,
-137,,,
-156,,,
-178,,,
-149,,,
-148,,,
-161,,,
-148,,,
-141,,,
-122,,,
-70,,,
-45,,,
-53,,,
-37,,,
-30,,,
-15,,,
9,,,
-25,,,
-31,,,
-7,,,
-21,,,
-35,,,
-45,,,
-56,,,
-53,,,
-38,,,
-26,,,
-15,,,
8,,,
13,,,
24,,,
54,,,
62,,,
68,,,
70,,,
70,,,
87,,,
84,,,
60,,,
57,,,
81,,,
93,,,
100,,,
115,,,
110,,,
118,,,
106,,,
81,,,
102,,,
113,,,
104,,,
70,,,
25,,,
20,,,
-2,,,
-27,,,
-21,,,
-28,,,
-47,,,
-60,,,
-33,,,
7,,,
20,,,
39,,,
36,,,
24,,,
35,,,
4,,,
-28,,,
-21,,,
-6,,,
14,,,
-10,,,
-47,,,
-30,,,
-51,,,
-103,,,
-99,,,
-102,,,
-108,,,
-79,,,
-77,,,
-82,,,
-68,,,
-79,,,
-94,,,
-85,,,
-65,,,
-51,,,
-30,,,
5,,,
8,,,
2,,,
9,,,
15,,,
35,,,
32,,,
13,,,
10,,,
-2,,,
6,,,
23,,,
16,,,
32,,,
52,,,
54,,,
88,,,
105,,,
101,,,
116,,,
95,,,
79,,,
85,,,
59,,,
53,,,
88,,,
91,,,
71,,,
81,,,
77,,,
57,,,
64,,,
68,,,
73,,,
89,,,
106,,,
119,,,
94,,,
62,,,
54,,,
45,,,
35,,,
10,,,
-21,,,
-14,,,
-4,,,
-33,,,
-55,,,
-53,,,
-73,,,
-101,,,
-102,,,
-78,,,
-43,,,
-24,,,
-28,,,
-25,,,
-27,,,
-63,,,
-62,,,
-28,,,
-40,,,
-40,,,
-17,,,
-8,,,
0,,,
-23,,,
-51,,,
-54,,,
-74,,,
-87,,,
-83,,,
-88,,,
-80,,,
-73,,,
-85,,,
-82,,,
-83,,,
-91,,,
-64,,,
-34,,,
-33,,,
-33,,,
-39,,,
-47,,,
-13,,,
-9,,,
-49,,,
-16,,,
18,,,
13,,,
44,,,
39,,,
16,,,
20,,,
-14,,,
-49,,,
-49,,,
-28,,,
-8,,,
-19,,,
-25,,,
-22,,,
-22,,,
-13,,,
-25,,,
-27,,,
5,,,
22,,,
39,,,
63,,,
62,,,
44,,,
38,,,
43,,,
36,,,
45,,,
62,,,
51,,,
54,,,
61,,,
38,,,
27,,,
26,,,
31,,,
62,,,
69,,,
62,,,
102,,,
131,,,
111,,,
109,,,
112,,,
85,,,
65,,,
38,,,
8,,,
-9,,,
-22,,,
-16,,,
-10,,,
3,,,
9,,,
-7,,,
-25,,,
-42,,,
-57,,,
-65,,,
-74,,,
-81,,,
-88,,,
-106,,,
-115,,,
-90,,,
-83,,,
-110,,,
-120,,,
-111,,,
-85,,,
-57,,,
-64,,,
-71,,,
-53,,,
-53,,,
-45,,,
-9,,,
-8,,,
-21,,,
-13,,,
-19,,,
-20,,,
-11,,,
-7,,,
-9,,,
-9,,,
2,,,
15,,,
46,,,
59,,,
42,,,
47,,,
54,,,
51,,,
49,,,
31,,,
17,,,
21,,,
35,,,
62,,,
78,,,
88,,,
91,,,
82,,,
77,,,
48,,,
45,,,
90,,,
81,,,
64,,,
72,,,
58,,,
52,,,
48,,,
42,,,
29,,,
-8,,,
0,,,
27,,,
-5,,,
-20,,,
3,,,
5,,,
-4,,,
-33,,,
-53,,,
-39,,,
-41,,,
-60,,,
-75,,,
-86,,,
-85,,,
-89,,,
-98,,,
-106,,,
-128,,,
-128,,,
-113,,,
-122,,,
-109,,,
-70,,,
-65,,,
-94,,,
-107,,,
-84,,,
-76,,,
-78,,,
-55,,,
-53,,,
-66,,,
-62,,,
-44,,,
-26,,,
-21,,,
-9,,,
-17,,,
-51,,,
-47,,,
-17,,,
-1,,,
37,,,
75,,,
62,,,
52,,,
64,,,
73,,,
82,,,
76,,,
61,,,
61,,,
56,,,
65,,,
81,,,
68,,,
73,,,
85,,,
81,,,
105,,,
114,,,
79,,,
80,,,
112,,,
119,,,
109,,,
103,,,
105,,,
120,,,
98,,,
63,,,
49,,,
13,,,
11,,,
41,,,
33,,,
14,,,
-15,,,
-35,,,
-31,,,
-42,,,
-59,,,
-74,,,
-91,,,
-90,,,
-73,,,
-61,,,
-41,,,
-40,,,
-81,,,
-64,,,
-4,,,
5,,,
-2,,,
-7,,,
-4,,,
8,,,
2,,,
9,,,
43,,,
69,,,
74,,,
63,,,
47,,,
47,,,
46,,,
15,,,
-7,,,
15,,,
37,,,
16,,,
3,,,
1,,,
-23,,,
-19,,,
-12,,,
-21,,,
-17,,,
-27,,,
-49,,,
-51,,,
-22,,,
-15,,,
-52,,,
-61,,,
-43,,,
-39,,,
-26,,,
-12,,,
-4,,,
11,,,
19,,,
34,,,
56,,,
58,,,
45,,,
35,,,
31,,,
34,,,
31,,,
20,,,
24,,,
26,,,
13,,,
5,,,
3,,,
14,,,
12,,,
1,,,
22,,,
15,,,
-25,,,
-21,,,
4,,,
4,,,
-27,,,
-56,,,
-47,,,
-30,,,
-33,,,
-37,,,
-20,,,
-16,,,
-23,,,
0,,,
13,,,
0,,,
2,,,
26,,,
34,,,
27,,,
50,,,
49,,,
29,,,
52,,,
40,,,
19,,,
43,,,
39,,,
24,,,
34,,,
42,,,
41,,,
30,,,
6,,,
-15,,,
-20,,,
-38,,,
-49,,,
-32,,,
-12,,,
18,,,
26,,,
7,,,
-2,,,
-27,,,
-39,,,
-30,,,
-39,,,
-25,,,
-19,,,
-44,,,
-18,,,
4,,,
-17,,,
-16,,,
-33,,,
-68,,,
-68,,,
-61,,,
-52,,,
-42,,,
-39,,,
-36,,,
-30,,,
-15,,,
-19,,,
-37,,,
-38,,,
-47,,,
-70,,,
-76,,,
-84,,,
-94,,,
-80,,,
-63,,,
-61,,,
-60,,,
-37,,,
-9,,,
-20,,,
-7,,,
25,,,
6,,,
-10,,,
2,,,
18,,,
34,,,
35,,,
39,,,
49,,,
51,,,
63,,,
57,,,
34,,,
35,,,
27,,,
29,,,
60,,,
55,,,
49,,,
61,,,
42,,,
28,,,
24,,,
20,,,
37,,,
17,,,
-28,,,
-37,,,
-33,,,
-22,,,
-18,,,
-38,,,
-49,,,
-56,,,
-58,,,
-44,,,
-31,,,
-4,,,
1,,,
-20,,,
-15,,,
-3,,,
-1,,,
2,,,
11,,,
38,,,
28,,,
-2,,,
13,,,
32,,,
35,,,
27,,,
11,,,
5,,,
-10,,,
-22,,,
-15,,,
-22,,,
-44,,,
-48,,,
-35,,,
-41,,,
-64,,,
-60,,,
-57,,,
-54,,,
-27,,,
-30,,,
-34,,,
-19,,,
-9,,,
-1,,,
-18,,,
-4,,,
24,,,
13,,,
39,,,
72,,,
66,,,
72,,,
74,,,
68,,,
63,,,
71,,,
107,,,
98,,,
77,,,
77,,,
51,,,
56,,,
77,,,
61,,,
54,,,
50,,,
44,,,
43,,,
19,,,
8,,,
28,,,
24,,,
5,,,
-11,,,
-20,,,
-16,,,
-37,,,
-52,,,
-13,,,
10,,,
15,,,
40,,,
41,,,
51,,,
73,,,
70,,,
84,,,
73,,,
35,,,
29,,,
-5,,,
-33,,,
-31,,,
-51,,,
-70,,,
-96,,,
-114,,,
-115,,,
-136,,,
-118,,,
-85,,,
-75,,,
-56,,,
-63,,,
-81,,,
-89,,,
-108,,,
-112,,,
-114,,,
-98,,,
-71,,,
-77,,,
-66,,,
-49,,,
-46,,,
-19,,,
-14,,,
-21,,,
-21,,,
-30,,,
-14,,,
-15,,,
-32,,,
-4,,,
25,,,
52,,,
67,,,
42,,,
27,,,
28,,,
25,,,
28,,,
28,,,
9,,,
13,,,
45,,,
55,,,
58,,,
72,,,
85,,,
92,,,
94,,,
91,,,
89,,,
103,,,
111,,,
100,,,
115,,,
130,,,
111,,,
99,,,
78,,,
58,,,
62,,,
46,,,
34,,,
30,,,
49,,,
76,,,
58,,,
66,,,
90,,,
75,,,
64,,,
50,,,
15,,,
-7,,,
-36,,,
-78,,,
-77,,,
-76,,,
-96,,,
-112,,,
-144,,,
-153,,,
-165,,,
-184,,,
-175,,,
-182,,,
-175,,,
-149,,,
-146,,,
-161,,,
-187,,,
-191,,,
-189,,,
-179,,,
-136,,,
-129,,,
-132,,,
-99,,,
-100,,,
-110,,,
-101,,,
-101,,,
-88,,,
-72,,,
-78,,,
-73,,,
-63,,,
-64,,,
-56,,,
-73,,,
-100,,,
-77,,,
-44,,,
-37,,,
-46,,,
-62,,,
-53,,,
-20,,,
9,,,
34,,,
61,,,
97,,,
129,,,
131,,,
131,,,
143,,,
159,,,
181,,,
182,,,
179,,,
187,,,
186,,,
185,,,
200,,,
221,,,
202,,,
176,,,
189,,,
196,,,
185,,,
185,,,
187,,,
155,,,
107,,,
96,,,
99,,,
80,,,
62,,,
76,,,
80,,,
49,,,
39,,,
58,,,
58,,,
31,,,
28,,,
47,,,
38,,,
19,,,
8,,,
-1,,,
3,,,
19,,,
31,,,
-2,,,
-35,,,
-15,,,
-9,,,
-13,,,
-11,,,
-22,,,
-17,,,
-23,,,
-33,,,
-19,,,
-32,,,
-42,,,
-21,,,
-25,,,
-41,,,
-36,,,
-23,,,
-36,,,
-64,,,
-68,,,
-87,,,
-111,,,
-95,,,
-77,,,
-64,,,
-53,,,
-77,,,
-88,,,
-49,,,
-41,,,
-55,,,
-23,,,
23,,,
54,,,
71,,,
75,,,
76,,,
80,,,
66,,,
53,,,
70,,,
62,,,
41,,,
28,,,
3,,,
-2,,,
5,,,
6,,,
-4,,,
-33,,,
-42,,,
-40,,,
-49,,,
-60,,,
-72,,,
-66,,,
-76,,,
-95,,,
-81,,,
-66,,,
-52,,,
-52,,,
-80,,,
-86,,,
-93,,,
-117,,,
-110,,,
-95,,,
-87,,,
-69,,,
-71,,,
-68,,,
-42,,,
-44,,,
-50,,,
-58,,,
-80,,,
-62,,,
-44,,,
-48,,,
-30,,,
-27,,,
-40,,,
-22,,,
-7,,,
-5,,,
1,,,
8,,,
0,,,
-30,,,
-27,,,
-24,,,
-46,,,
-30,,,
-13,,,
-3,,,
11,,,
17,,,
41,,,
59,,,
87,,,
101,,,
83,,,
92,,,
101,,,
107,,,
121,,,
110,,,
103,,,
111,,,
116,,,
112,,,
112,,,
120,,,
111,,,
103,,,
101,,,
92,,,
111,,,
108,,,
50,,,
30,,,
33,,,
13,,,
9,,,
12,,,
-9,,,
-21,,,
-19,,,
-18,,,
0,,,
9,,,
12,,,
21,,,
0,,,
4,,,
35,,,
10,,,
-22,,,
-15,,,
-14,,,
-33,,,
-32,,,
-5,,,
6,,,
14,,,
40,,,
58,,,
53,,,
26,,,
4,,,
-7,,,
-28,,,
-59,,,
-75,,,
-87,,,
-107,,,
-112,,,
-111,,,
-102,,,
-101,,,
-116,,,
-103,,,
-82,,,
-68,,,
-48,,,
-55,,,
-77,,,
-67,,,
-41,,,
-25,,,
-8,,,
8,,,
13,,,
29,,,
51,,,
62,,,
79,,,
69,,,
46,,,
65,,,
68,,,
37,,,
28,,,
30,,,
23,,,
28,,,
32,,,
27,,,
28,,,
18,,,
-3,,,
-1,,,
-6,,,
-21,,,
-10,,,
-14,,,
-23,,,
7,,,
5,,,
-13,,,
-8,,,
-14,,,
9,,,
39,,,
10,,,
-6,,,
7,,,
-22,,,
-37,,,
4,,,
3,,,
-24,,,
-14,,,
1,,,
17,,,
18,,,
-4,,,
-1,,,
7,,,
-5,,,
2,,,
20,,,
17,,,
0,,,
1,,,
-15,,,
-56,,,
-54,,,
-53,,,
-76,,,
-72,,,
-67,,,
-84,,,
-101,,,
-91,,,
-63,,,
-47,,,
-29,,,
-4,,,
21,,,
26,,,
32,,,
48,,,
25,,,
27,,,
66,,,
62,,,
46,,,
55,,,
45,,,
9,,,
21,,,
40,,,
2,,,
-12,,,
-12,,,
-24,,,
-12,,,
-9,,,
-25,,,
-32,,,
-27,,,
-15,,,
-9,,,
-3,,,
-15,,,
-41,,,
-36,,,
-23,,,
-21,,,
-15,,,
-15,,,
-12,,,
-7,,,
-5,,,
13,,,
22,,,
19,,,
35,,,
49,,,
53,,,
48,,,
53,,,
73,,,
70,,,
66,,,
86,,,
92,,,
78,,,
73,,,
76,,,
68,,,
68,,,
57,,,
26,,,
14,,,
13,,,
15,,,
19,,,
17,,,
26,,,
28,,,
13,,,
12,,,
16,,,
-1,,,
-21,,,
3,,,
49,,,
50,,,
40,,,
54,,,
83,,,
111,,,
86,,,
62,,,
68,,,
50,,,
37,,,
40,,,
19,,,
-28,,,
-72,,,
-107,,,
-121,,,
-119,,,
-118,,,
-101,,,
-88,,,
-95,,,
-110,,,
-126,,,
-134,,,
-148,,,
-140,,,
-138,,,
-152,,,
-126,,,
-122,,,
-127,,,
-85,,,
-64,,,
-51,,,
-31,,,
-36,,,
-45,,,
-49,,,
-29,,,
9,,,
22,,,
18,,,
3,,,
0,,,
41,,,
64,,,
53,,,
45,,,
34,,,
31,,,
42,,,
61,,,
63,,,
39,,,
33,,,
28,,,
-9,,,
-22,,,
-18,,,
-27,,,
-27,,,
-26,,,
-14,,,
-9,,,
-14,,,
-3,,,
-12,,,
-20,,,
0,,,
-2,,,
-16,,,
-5,,,
3,,,
0,,,
-9,,,
-25,,,
-21,,,
-8,,,
5,,,
37,,,
36,,,
30,,,
57,,,
66,,,
91,,,
127,,,
115,,,
86,,,
75,,,
77,,,
72,,,
55,,,
40,,,
11,,,
-18,,,
-9,,,
-6,,,
-19,,,
-18,,,
-25,,,
-16,,,
2,,,
1,,,
7,,,
6,,,
-2,,,
5,,,
-18,,,
-22,,,
4,,,
-11,,,
-25,,,
-29,,,
-29,,,
-12,,,
-13,,,
-21,,,
-15,,,
3,,,
11,,,
-5,,,
7,,,
26,,,
9,,,
-1,,,
1,,,
-6,,,
-9,,,
-9,,,
-25,,,
-60,,,
-102,,,
-118,,,
-97,,,
-97,,,
-97,,,
-44,,,
-18,,,
-19,,,
14,,,
44,,,
63,,,
70,,,
51,,,
36,,,
43,,,
58,,,
76,,,
83,,,
57,,,
26,,,
3,,,
4,,,
20,,,
0,,,
-1,,,
21,,,
9,,,
14,,,
2,,,
-32,,,
-27,,,
-22,,,
-22,,,
-22,,,
-36,,,
-34,,,
-43,,,
-69,,,
-68,,,
-59,,,
-77,,,
-95,,,
-81,,,
-36,,,
-8,,,
-25,,,
-27,,,
-4,,,
14,,,
40,,,
46,,,
47,,,
83,,,
122,,,
127,,,
118,,,
106,,,
80,,,
65,,,
64,,,
43,,,
7,,,
2,,,
5,,,
-6,,,
-21,,,
-43,,,
-38,,,
-27,,,
-35,,,
-30,,,
-30,,,
-35,,,
-24,,,
-15,,,
-12,,,
-6,,,
-10,,,
-27,,,
-49,,,
-50,,,
-39,,,
-45,,,
-26,,,
-9,,,
-46,,,
-64,,,
-30,,,
-33,,,
-52,,,
-32,,,
-30,,,
-20,,,
5,,,
1,,,
-3,,,
2,,,
2,,,
-3,,,
2,,,
11,,,
17,,,
28,,,
27,,,
31,,,
6,,,
-51,,,
-35,,,
-7,,,
-32,,,
-36,,,
-24,,,
-26,,,
2,,,
34,,,
41,,,
58,,,
62,,,
68,,,
81,,,
55,,,
52,,,
79,,,
70,,,
56,,,
64,,,
61,,,
35,,,
33,,,
39,,,
12,,,
-1,,,
-14,,,
-44,,,
-51,,,
-46,,,
-30,,,
-16,,,
-33,,,
-31,,,
-14,,,
-47,,,
-87,,,
-95,,,
-92,,,
-84,,,
-85,,,
-89,,,
-69,,,
-56,,,
-41,,,
-16,,,
-22,,,
-26,,,
3,,,
38,,,
57,,,
55,,,
56,,,
77,,,
100,,,
75,,,
50,,,
75,,,
24,,,
-15,,,
8,,,
-42,,,
-43,,,
-14,,,
-38,,,
-5,,,
1,,,
-36,,,
28,,,
42,,,
-39,,,
7,,,
54,,,
-1,,,
31,,,
72,,,
44,,,
57,,,
68,,,
26,,,
32,,,
85,,,
57,,,
22,,,
39,,,
3,,,
1,,,
52,,,
39,,,
45,,,
78,,,
75,,,
101,,,
132,,,
119,,,
105,,,
98,,,
92,,,
84,,,
62,,,
59,,,
52,,,
16,,,
-14,,,
-13,,,
6,,,
-19,,,
-54,,,
-46,,,
-65,,,
-85,,,
-72,,,
-83,,,
-89,,,
-82,,,
-107,,,
-129,,,
-129,,,
-112,,,
-76,,,
-63,,,
-69,,,
-65,,,
-56,,,
-57,,,
-73,,,
-62,,,
-45,,,
-64,,,
-64,,,
-65,,,
-90,,,
-91,,,
-114,,,
-132,,,
-113,,,
-115,,,
-100,,,
-102,,,
-134,,,
-135,,,
-119,,,
-110,,,
-119,,,
-111,,,
-88,,,
-92,,,
-90,,,
-53,,,
-36,,,
-41,,,
-19,,,
15,,,
59,,,
78,,,
70,,,
93,,,
127,,,
139,,,
120,,,
112,,,
139,,,
141,,,
121,,,
116,,,
117,,,
108,,,
102,,,
111,,,
113,,,
104,,,
97,,,
109,,,
129,,,
147,,,
153,,,
115,,,
86,,,
91,,,
79,,,
69,,,
68,,,
56,,,
28,,,
6,,,
13,,,
18,,,
18,,,
16,,,
17,,,
29,,,
7,,,
-11,,,
5,,,
-6,,,
-11,,,
26,,,
41,,,
14,,,
-5,,,
14,,,
31,,,
20,,,
14,,,
14,,,
11,,,
13,,,
7,,,
-10,,,
-14,,,
-14,,,
-29,,,
-28,,,
-22,,,
-47,,,
-63,,,
-63,,,
-56,,,
-44,,,
-18,,,
16,,,
17,,,
19,,,
35,,,
22,,,
14,,,
0,,,
-32,,,
-23,,,
-6,,,
0,,,
7,,,
-2,,,
1,,,
8,,,
8,,,
13,,,
15,,,
6,,,
-15,,,
-19,,,
-6,,,
-1,,,
-11,,,
-39,,,
-38,,,
-7,,,
-14,,,
-29,,,
-29,,,
-41,,,
-41,,,
-10,,,
16,,,
9,,,
4,,,
-3,,,
-14,,,
10,,,
11,,,
14,,,
53,,,
57,,,
45,,,
55,,,
72,,,
80,,,
61,,,
26,,,
15,,,
17,,,
4,,,
17,,,
26,,,
-6,,,
-34,,,
-34,,,
-9,,,
13,,,
17,,,
4,,,
-6,,,
0,,,
-15,,,
-23,,,
-25,,,
-71,,,
-89,,,
-68,,,
-72,,,
-61,,,
-40,,,
-60,,,
-75,,,
-72,,,
-72,,,
-63,,,
-63,,,
-68,,,
-66,,,
-71,,,
-56,,,
-31,,,
-40,,,
-40,,,
-29,,,
-30,,,
-37,,,
-46,,,
-27,,,
-26,,,
-51,,,
-32,,,
-19,,,
-26,,,
-6,,,
-3,,,
-5,,,
6,,,
-11,,,
-16,,,
-7,,,
-39,,,
-81,,,
-80,,,
-62,,,
-54,,,
-43,,,
-45,,,
-59,,,
-62,,,
-62,,,
-42,,,
-5,,,
5,,,
8,,,
30,,,
48,,,
52,,,
51,,,
50,,,
43,,,
35,,,
31,,,
25,,,
11,,,
-4,,,
-2,,,
-7,,,
-31,,,
-36,,,
-28,,,
-8,,,
18,,,
30,,,
45,,,
53,,,
43,,,
39,,,
41,,,
40,,,
41,,,
30,,,
31,,,
64,,,
55,,,
7,,,
8,,,
31,,,
32,,,
33,,,
39,,,
38,,,
59,,,
93,,,
88,,,
65,,,
49,,,
37,,,
36,,,
49,,,
59,,,
45,,,
33,,,
33,,,
37,,,
36,,,
26,,,
38,,,
45,,,
25,,,
10,,,
10,,,
35,,,
47,,,
23,,,
24,,,
25,,,
21,,,
45,,,
39,,,
24,,,
50,,,
56,,,
48,,,
51,,,
27,,,
9,,,
19,,,
32,,,
19,,,
8,,,
31,,,
22,,,
9,,,
7,,,
-18,,,
-2,,,
18,,,
-1,,,
-27,,,
-57,,,
-39,,,
-16,,,
-42,,,
-52,,,
-55,,,
-74,,,
-92,,,
-102,,,
-122,,,
-163,,,
-168,,,
-145,,,
-152,,,
-142,,,
-113,,,
-112,,,
-94,,,
-72,,,
-59,,,
-49,,,
-82,,,
-84,,,
-58,,,
-71,,,
-71,,,
-58,,,
-59,,,
-62,,,
-41,,,
-10,,,
4,,,
5,,,
1,,,
-5,,,
-9,,,
-1,,,
-8,,,
-19,,,
6,,,
27,,,
24,,,
7,,,
10,,,
33,,,
28,,,
1,,,
-16,,,
-1,,,
42,,,
78,,,
90,,,
80,,,
84,,,
94,,,
84,,,
79,,,
94,,,
96,,,
76,,,
69,,,
56,,,
58,,,
89,,,
67,,,
57,,,
109,,,
112,,,
93,,,
94,,,
61,,,
47,,,
55,,,
26,,,
15,,,
36,,,
51,,,
55,,,
62,,,
68,,,
50,,,
54,,,
65,,,
52,,,
48,,,
20,,,
16,,,
39,,,
7,,,
-20,,,
-39,,,
-68,,,
-57,,,
-52,,,
-58,,,
-42,,,
-28,,,
-28,,,
-53,,,
-83,,,
-91,,,
-82,,,
-70,,,
-71,,,
-64,,,
-62,,,
-103,,,
-123,,,
-101,,,
-93,,,
-95,,,
-100,,,
-101,,,
-80,,,
-53,,,
-38,,,
-40,,,
-44,,,
-38,,,
-20,,,
0,,,
12,,,
3,,,
-8,,,
17,,,
58,,,
89,,,
78,,,
35,,,
40,,,
59,,,
50,,,
62,,,
67,,,
56,,,
48,,,
29,,,
15,,,
12,,,
23,,,
39,,,
34,,,
27,,,
32,,,
48,,,
53,,,
42,,,
40,,,
30,,,
22,,,
30,,,
23,,,
5,,,
-2,,,
3,,,
31,,,
51,,,
47,,,
51,,,
45,,,
28,,,
13,,,
-17,,,
-45,,,
-69,,,
-94,,,
-86,,,
-74,,,
-94,,,
-89,,,
-60,,,
-53,,,
-55,,,
-58,,,
-52,,,
-39,,,
-41,,,
-38,,,
-45,,,
-72,,,
-58,,,
-17,,,
-8,,,
-2,,,
-5,,,
-34,,,
-27,,,
3,,,
3,,,
8,,,
32,,,
37,,,
33,,,
28,,,
1,,,
-19,,,
-29,,,
-49,,,
-48,,,
-23,,,
-9,,,
-27,,,
-44,,,
-42,,,
-38,,,
-41,,,
-46,,,
-44,,,
-51,,,
-44,,,
-19,,,
-32,,,
-57,,,
-47,,,
-39,,,
-52,,,
-53,,,
-26,,,
-16,,,
-8,,,
16,,,
3,,,
-29,,,
-33,,,
-38,,,
-40,,,
-1,,,
4,,,
-39,,,
-27,,,
5,,,
39,,,
62,,,
34,,,
37,,,
62,,,
67,,,
60,,,
31,,,
35,,,
54,,,
24,,,
-1,,,
5,,,
16,,,
26,,,
40,,,
53,,,
22,,,
8,,,
51,,,
51,,,
26,,,
28,,,
37,,,
44,,,
47,,,
61,,,
72,,,
74,,,
87,,,
81,,,
59,,,
52,,,
54,,,
49,,,
32,,,
27,,,
29,,,
9,,,
9,,,
22,,,
8,,,
18,,,
39,,,
30,,,
31,,,
40,,,
39,,,
60,,,
77,,,
61,,,
45,,,
41,,,
49,,,
47,,,
50,,,
73,,,
56,,,
36,,,
28,,,
15,,,
16,,,
2,,,
4,,,
17,,,
20,,,
28,,,
9,,,
0,,,
4,,,
-30,,,
-57,,,
-66,,,
-82,,,
-99,,,
-120,,,
-125,,,
-99,,,
-75,,,
-75,,,
-98,,,
-127,,,
-133,,,
-122,,,
-128,,,
-121,,,
-84,,,
-55,,,
-47,,,
-61,,,
-59,,,
-38,,,
-43,,,
-44,,,
-22,,,
-17,,,
-27,,,
-22,,,
-1,,,
13,,,
32,,,
74,,,
96,,,
82,,,
84,,,
98,,,
109,,,
131,,,
118,,,
72,,,
56,,,
49,,,
21,,,
17,,,
31,,,
19,,,
9,,,
31,,,
25,,,
8,,,
11,,,
-4,,,
-27,,,
-51,,,
-42,,,
-23,,,
-50,,,
-64,,,
-44,,,
-40,,,
-67,,,
-67,,,
-40,,,
-40,,,
-32,,,
-20,,,
-35,,,
-37,,,
-34,,,
-36,,,
-24,,,
-5,,,
-18,,,
-40,,,
-20,,,
-40,,,
-61,,,
-18,,,
-9,,,
-8,,,
22,,,
41,,,
47,,,
17,,,
8,,,
38,,,
40,,,
34,,,
24,,,
29,,,
63,,,
44,,,
1,,,
1,,,
-23,,,
-40,,,
-5,,,
-3,,,
-19,,,
-10,,,
-11,,,
-24,,,
-29,,,
-16,,,
-12,,,
-13,,,
-4,,,
1,,,
16,,,
19,,,
20,,,
40,,,
36,,,
31,,,
60,,,
63,,,
62,,,
86,,,
77,,,
55,,,
62,,,
69,,,
53,,,
42,,,
42,,,
41,,,
43,,,
20,,,
1,,,
-4,,,
-10,,,
-5,,,
-5,,,
3,,,
-1,,,
-18,,,
-4,,,
-6,,,
-14,,,
-7,,,
-19,,,
-16,,,
8,,,
26,,,
36,,,
17,,,
-21,,,
-25,,,
-9,,,
-18,,,
-17,,,
-12,,,
-27,,,
-30,,,
-24,,,
-19,,,
-5,,,
2,,,
-15,,,
-16,,,
-8,,,
-19,,,
-4,,,
4,,,
-8,,,
18,,,
14,,,
-6,,,
7,,,
10,,,
38,,,
38,,,
-1,,,
10,,,
4,,,
-3,,,
33,,,
30,,,
13,,,
21,,,
22,,,
7,,,
-6,,,
0,,,
5,,,
11,,,
27,,,
30,,,
27,,,
17,,,
1,,,
4,,,
-9,,,
-22,,,
-10,,,
-9,,,
-2,,,
2,,,
-15,,,
-35,,,
-45,,,
-40,,,
-56,,,
-66,,,
-43,,,
-39,,,
-36,,,
-17,,,
-8,,,
-28,,,
-55,,,
-35,,,
7,,,
7,,,
-19,,,
-20,,,
-2,,,
-7,,,
-14,,,
-15,,,
-42,,,
-57,,,
-72,,,
-101,,,
-88,,,
-67,,,
-68,,,
-62,,,
-70,,,
-69,,,
-39,,,
-20,,,
-12,,,
-24,,,
-36,,,
-16,,,
-20,,,
-34,,,
-22,,,
-22,,,
-23,,,
-4,,,
-2,,,
-26,,,
-21,,,
3,,,
3,,,
25,,,
38,,,
22,,,
46,,,
66,,,
69,,,
102,,,
115,,,
116,,,
129,,,
122,,,
120,,,
118,,,
114,,,
114,,,
84,,,
59,,,
57,,,
49,,,
42,,,
35,,,
42,,,
65,,,
50,,,
32,,,
36,,,
8,,,
-16,,,
-11,,,
-16,,,
-21,,,
-8,,,
5,,,
-9,,,
-23,,,
-8,,,
2,,,
9,,,
26,,,
21,,,
-7,,,
-33,,,
-24,,,
11,,,
15,,,
19,,,
37,,,
19,,,
11,,,
38,,,
39,,,
7,,,
-19,,,
-32,,,
-30,,,
-21,,,
-24,,,
-28,,,
-18,,,
-4,,,
5,,,
23,,,
41,,,
24,,,
7,,,
14,,,
21,,,
21,,,
-13,,,
-58,,,
-63,,,
-55,,,
-37,,,
-7,,,
-5,,,
-7,,,
-9,,,
-14,,,
-1,,,
2,,,
2,,,
5,,,
4,,,
13,,,
18,,,
14,,,
-2,,,
5,,,
47,,,
41,,,
9,,,
10,,,
-6,,,
-31,,,
-15,,,
21,,,
32,,,
1,,,
-39,,,
-41,,,
-21,,,
-17,,,
-33,,,
-27,,,
11,,,
41,,,
55,,,
32,,,
-8,,,
-22,,,
-30,,,
-48,,,
-55,,,
-54,,,
-86,,,
-107,,,
-86,,,
-86,,,
-73,,,
-40,,,
-38,,,
-47,,,
-55,,,
-69,,,
-81,,,
-70,,,
-48,,,
-53,,,
-60,,,
-60,,,
-54,,,
-44,,,
-76,,,
-96,,,
-83,,,
-84,,,
-71,,,
-82,,,
-113,,,
-106,,,
-114,,,
-114,,,
-92,,,
-92,,,
-75,,,
-81,,,
-126,,,
-117,,,
-91,,,
-86,,,
-62,,,
-41,,,
-15,,,
16,,,
54,,,
106,,,
112,,,
100,,,
122,,,
139,,,
140,,,
155,,,
176,,,
179,,,
172,,,
155,,,
135,,,
134,,,
127,,,
84,,,
54,,,
57,,,
49,,,
63,,,
91,,,
88,,,
72,,,
57,,,
70,,,
90,,,
65,,,
34,,,
31,,,
36,,,
42,,,
42,,,
27,,,
20,,,
8,,,
-35,,,
-44,,,
-18,,,
-1,,,
-8,,,
-33,,,
-16,,,
12,,,
-15,,,
-34,,,
-13,,,
-6,,,
-22,,,
-30,,,
-13,,,
6,,,
5,,,
-12,,,
-27,,,
-40,,,
-57,,,
-49,,,
-32,,,
-30,,,
-31,,,
-45,,,
-62,,,
-58,,,
-71,,,
-103,,,
-112,,,
-99,,,
-86,,,
-105,,,
-127,,,
-90,,,
-45,,,
-35,,,
-13,,,
14,,,
28,,,
26,,,
2,,,
9,,,
31,,,
18,,,
14,,,
23,,,
39,,,
51,,,
33,,,
32,,,
26,,,
18,,,
29,,,
4,,,
-3,,,
20,,,
16,,,
8,,,
21,,,
50,,,
46,,,
34,,,
69,,,
74,,,
43,,,
37,,,
36,,,
46,,,
73,,,
80,,,
68,,,
70,,,
77,,,
69,,,
70,,,
57,,,
30,,,
9,,,
-18,,,
-34,,,
-50,,,
-57,,,
-41,,,
-35,,,
-22,,,
-22,,,
-40,,,
-42,,,
-46,,,
-24,,,
3,,,
-7,,,
-15,,,
4,,,
31,,,
13,,,
-11,,,
-7,,,
-20,,,
-12,,,
6,,,
5,,,
12,,,
2,,,
12,,,
19,,,
-3,,,
19,,,
26,,,
-6,,,
-27,,,
-49,,,
-42,,,
-47,,,
-78,,,
-71,,,
-73,,,
-109,,,
-113,,,
-74,,,
-44,,,
-42,,,
-40,,,
-29,,,
-39,,,
-44,,,
-33,,,
-33,,,
-14,,,
-7,,,
-30,,,
-26,,,
-2,,,
17,,,
23,,,
5,,,
8,,,
36,,,
45,,,
63,,,
61,,,
39,,,
50,,,
63,,,
73,,,
88,,,
89,,,
78,,,
58,,,
50,,,
65,,,
54,,,
39,,,
53,,,
51,,,
50,,,
70,,,
82,,,
91,,,
78,,,
63,,,
89,,,
98,,,
80,,,
75,,,
77,,,
94,,,
96,,,
80,,,
78,,,
70,,,
61,,,
70,,,
62,,,
43,,,
34,,,
30,,,
38,,,
33,,,
6,,,
7,,,
24,,,
-6,,,
-29,,,
-31,,,
-47,,,
-37,,,
-34,,,
-62,,,
-82,,,
-118,,,
-171,,,
-167,,,
-127,,,
-134,,,
-147,,,
-129,,,
-116,,,
-119,,,
-128,,,
-118,,,
-123,,,
-140,,,
-120,,,
-111,,,
-110,,,
-87,,,
-92,,,
-99,,,
-84,,,
-72,,,
-64,,,
-76,,,
-86,,,
-88,,,
-86,,,
-59,,,
-35,,,
-21,,,
-17,,,
-37,,,
-44,,,
-44,,,
-43,,,
-29,,,
-39,,,
-46,,,
-22,,,
-34,,,
-42,,,
8,,,
30,,,
16,,,
28,,,
20,,,
5,,,
20,,,
11,,,
12,,,
44,,,
63,,,
75,,,
64,,,
43,,,
38,,,
35,,,
35,,,
38,,,
50,,,
59,,,
52,,,
53,,,
54,,,
52,,,
56,,,
61,,,
55,,,
63,,,
94,,,
72,,,
38,,,
60,,,
72,,,
71,,,
63,,,
50,,,
61,,,
54,,,
48,,,
57,,,
45,,,
49,,,
61,,,
45,,,
38,,,
73,,,
109,,,
109,,,
97,,,
84,,,
77,,,
69,,,
57,,,
45,,,
29,,,
49,,,
86,,,
82,,,
73,,,
66,,,
54,,,
55,,,
64,,,
56,,,
24,,,
7,,,
6,,,
-13,,,
-30,,,
-34,,,
-36,,,
-57,,,
-66,,,
-59,,,
-92,,,
-103,,,
-92,,,
-103,,,
-85,,,
-75,,,
-93,,,
-93,,,
-91,,,
-118,,,
-125,,,
-96,,,
-97,,,
-108,,,
-104,,,
-116,,,
-114,,,
-94,,,
-72,,,
-64,,,
-80,,,
-82,,,
-80,,,
-97,,,
-90,,,
-56,,,
-27,,,
-12,,,
-12,,,
-19,,,
-15,,,
-18,,,
-38,,,
-47,,,
-46,,,
-29,,,
-15,,,
-30,,,
-20,,,
-2,,,
-4,,,
15,,,
45,,,
60,,,
67,,,
87,,,
95,,,
75,,,
66,,,
46,,,
19,,,
23,,,
31,,,
42,,,
54,,,
39,,,
57,,,
103,,,
102,,,
96,,,
78,,,
43,,,
55,,,
46,,,
7,,,
-8,,,
-40,,,
-53,,,
-18,,,
-17,,,
-30,,,
-16,,,
-32,,,
-45,,,
-44,,,
-56,,,
-35,,,
-33,,,
-53,,,
-28,,,
-10,,,
-5,,,
1,,,
6,,,
14,,,
-3,,,
3,,,
25,,,
29,,,
45,,,
47,,,
34,,,
35,,,
25,,,
15,,,
22,,,
24,,,
20,,,
27,,,
28,,,
30,,,
39,,,
43,,,
67,,,
100,,,
98,,,
78,,,
64,,,
66,,,
79,,,
86,,,
89,,,
102,,,
123,,,
133,,,
127,,,
116,,,
106,,,
98,,,
80,,,
58,,,
54,,,
46,,,
40,,,
53,,,
52,,,
47,,,
31,,,
0,,,
-5,,,
-15,,,
-36,,,
-26,,,
-28,,,
-55,,,
-69,,,
-70,,,
-72,,,
-95,,,
-109,,,
-111,,,
-119,,,
-130,,,
-153,,,
-146,,,
-123,,,
-129,,,
-131,,,
-125,,,
-109,,,
-103,,,
-105,,,
-88,,,
-88,,,
-77,,,
-46,,,
-46,,,
-49,,,
-45,,,
-40,,,
-31,,,
-44,,,
-55,,,
-34,,,
-31,,,
-75,,,
-104,,,
-80,,,
-40,,,
-22,,,
-13,,,
1,,,
6,,,
6,,,
16,,,
24,,,
15,,,
6,,,
-15,,,
-55,,,
-65,,,
-68,,,
-78,,,
-71,,,
-73,,,
-76,,,
-55,,,
-22,,,
-5,,,
-9,,,
23,,,
67,,,
72,,,
82,,,
86,,,
88,,,
119,,,
126,,,
98,,,
75,,,
90,,,
119,,,
121,,,
131,,,
147,,,
125,,,
95,,,
89,,,
101,,,
99,,,
97,,,
94,,,
77,,,
91,,,
109,,,
96,,,
100,,,
107,,,
99,,,
88,,,
65,,,
76,,,
91,,,
49,,,
20,,,
12,,,
-11,,,
-11,,,
2,,,
-2,,,
-16,,,
-26,,,
-32,,,
-36,,,
-38,,,
-33,,,
-14,,,
6,,,
5,,,
-29,,,
-66,,,
-87,,,
-85,,,
-87,,,
-102,,,
-83,,,
-61,,,
-47,,,
-26,,,
-47,,,
-64,,,
-45,,,
-23,,,
-16,,,
-9,,,
16,,,
13,,,
10,,,
21,,,
12,,,
27,,,
32,,,
10,,,
6,,,
-1,,,
-10,,,
-22,,,
-35,,,
-31,,,
-19,,,
1,,,
8,,,
-1,,,
-4,,,
-16,,,
-25,,,
-27,,,
-53,,,
-84,,,
-92,,,
-109,,,
-131,,,
-111,,,
-102,,,
-108,,,
-94,,,
-112,,,
-107,,,
-67,,,
-70,,,
-77,,,
-69,,,
-52,,,
-39,,,
-55,,,
-60,,,
-33,,,
-22,,,
-40,,,
-5,,,
36,,,
22,,,
43,,,
60,,,
57,,,
85,,,
88,,,
79,,,
97,,,
121,,,
128,,,
125,,,
115,,,
104,,,
103,,,
89,,,
97,,,
110,,,
87,,,
79,,,
83,,,
85,,,
77,,,
59,,,
73,,,
80,,,
51,,,
38,,,
36,,,
6,,,
-32,,,
-45,,,
-22,,,
-21,,,
-52,,,
-45,,,
-52,,,
-106,,,
-110,,,
-86,,,
-92,,,
-81,,,
-47,,,
-39,,,
-41,,,
-24,,,
-6,,,
-1,,,
8,,,
3,,,
-8,,,
0,,,
-20,,,
-40,,,
-25,,,
-19,,,
-27,,,
-37,,,
-26,,,
-19,,,
-57,,,
-90,,,
-79,,,
-59,,,
-47,,,
-14,,,
-18,,,
-58,,,
-39,,,
-13,,,
-5,,,
6,,,
-3,,,
7,,,
16,,,
-14,,,
-24,,,
0,,,
14,,,
-22,,,
-48,,,
-23,,,
-26,,,
-35,,,
-21,,,
-17,,,
0,,,
24,,,
54,,,
71,,,
42,,,
39,,,
72,,,
68,,,
56,,,
72,,,
44,,,
-5,,,
-6,,,
-1,,,
-2,,,
2,,,
2,,,
-6,,,
-11,,,
0,,,
5,,,
18,,,
22,,,
11,,,
6,,,
-16,,,
-5,,,
17,,,
2,,,
32,,,
72,,,
64,,,
64,,,
63,,,
42,,,
11,,,
-8,,,
-28,,,
-52,,,
-42,,,
-29,,,
-24,,,
-25,,,
-43,,,
-30,,,
-4,,,
-3,,,
-1,,,
-1,,,
-10,,,
7,,,
27,,,
26,,,
25,,,
6,,,
-14,,,
-6,,,
24,,,
16,,,
-15,,,
12,,,
22,,,
4,,,
9,,,
-11,,,
-18,,,
-25,,,
-57,,,
-45,,,
-23,,,
-6,,,
26,,,
32,,,
16,,,
9,,,
12,,,
9,,,
-1,,,
3,,,
-1,,,
-19,,,
-12,,,
1,,,
-8,,,
-18,,,
-5,,,
5,,,
2,,,
10,,,
-5,,,
-26,,,
-8,,,
-17,,,
-49,,,
-53,,,
-76,,,
-93,,,
-75,,,
-68,,,
-74,,,
-87,,,
-81,,,
-48,,,
-32,,,
-18,,,
-1,,,
4,,,
23,,,
50,,,
46,,,
32,,,
44,,,
42,,,
15,,,
19,,,
38,,,
41,,,
34,,,
25,,,
31,,,
46,,,
39,,,
20,,,
28,,,
44,,,
23,,,
12,,,
10,,,
-7,,,
-5,,,
17,,,
31,,,
22,,,
1,,,
0,,,
14,,,
23,,,
45,,,
79,,,
91,,,
83,,,
67,,,
53,,,
56,,,
63,,,
57,,,
42,,,
27,,,
11,,,
-10,,,
-19,,,
-14,,,
-12,,,
-8,,,
-11,,,
-34,,,
-60,,,
-65,,,
-51,,,
-48,,,
-67,,,
-55,,,
-49,,,
-74,,,
-43,,,
-17,,,
-46,,,
-49,,,
-41,,,
-39,,,
-26,,,
-27,,,
-37,,,
-50,,,
-56,,,
-31,,,
-17,,,
-31,,,
-25,,,
-10,,,
-10,,,
-14,,,
-13,,,
-7,,,
5,,,
27,,,
36,,,
44,,,
67,,,
68,,,
55,,,
83,,,
105,,,
71,,,
57,,,
80,,,
84,,,
83,,,
100,,,
112,,,
96,,,
74,,,
59,,,
31,,,
4,,,
3,,,
22,,,
22,,,
-8,,,
-30,,,
-37,,,
-48,,,
-55,,,
-56,,,
-58,,,
-61,,,
-74,,,
-91,,,
-99,,,
-125,,,
-132,,,
-100,,,
-73,,,
-62,,,
-69,,,
-64,,,
-46,,,
-24,,,
10,,,
6,,,
-16,,,
-16,,,
-7,,,
12,,,
20,,,
25,,,
24,,,
-1,,,
-12,,,
-11,,,
-2,,,
8,,,
0,,,
8,,,
-2,,,
-21,,,
-1,,,
7,,,
2,,,
13,,,
13,,,
7,,,
33,,,
69,,,
62,,,
27,,,
25,,,
30,,,
6,,,
2,,,
-12,,,
-53,,,
-33,,,
4,,,
-12,,,
-21,,,
-5,,,
6,,,
35,,,
36,,,
7,,,
31,,,
50,,,
23,,,
12,,,
24,,,
17,,,
-40,,,
-57,,,
-16,,,
-14,,,
-22,,,
-13,,,
-8,,,
0,,,
-19,,,
-29,,,
-11,,,
-26,,,
-32,,,
-5,,,
2,,,
-31,,,
-65,,,
-53,,,
-53,,,
-78,,,
-77,,,
-69,,,
-77,,,
-95,,,
-102,,,
-74,,,
-44,,,
-62,,,
-54,,,
-21,,,
-37,,,
-28,,,
4,,,
8,,,
9,,,
16,,,
36,,,
59,,,
88,,,
113,,,
102,,,
99,,,
128,,,
131,,,
106,,,
92,,,
94,,,
94,,,
81,,,
92,,,
95,,,
84,,,
88,,,
66,,,
50,,,
45,,,
22,,,
22,,,
32,,,
35,,,
42,,,
42,,,
28,,,
14,,,
-5,,,
-40,,,
-62,,,
-48,,,
-31,,,
-51,,,
-54,,,
-27,,,
-35,,,
-43,,,
-30,,,
-11,,,
7,,,
2,,,
0,,,
12,,,
18,,,
19,,,
23,,,
41,,,
47,,,
35,,,
29,,,
23,,,
15,,,
10,,,
12,,,
7,,,
12,,,
21,,,
0,,,
-8,,,
0,,,
0,,,
15,,,
10,,,
-24,,,
-32,,,
-6,,,
19,,,
24,,,
37,,,
62,,,
66,,,
48,,,
37,,,
24,,,
6,,,
4,,,
-16,,,
-22,,,
-1,,,
-30,,,
-45,,,
-8,,,
-4,,,
-1,,,
15,,,
-4,,,
-22,,,
-14,,,
-1,,,
13,,,
2,,,
-10,,,
7,,,
6,,,
-6,,,
-9,,,
-2,,,
7,,,
7,,,
2,,,
-13,,,
-6,,,
15,,,
-9,,,
-46,,,
-42,,,
-31,,,
-49,,,
-44,,,
-22,,,
-44,,,
-38,,,
-2,,,
-9,,,
-14,,,
-14,,,
-33,,,
-42,,,
-42,,,
-46,,,
-48,,,
-40,,,
-43,,,
-60,,,
-47,,,
-24,,,
-7,,,
20,,,
19,,,
14,,,
27,,,
13,,,
11,,,
26,,,
21,,,
33,,,
60,,,
64,,,
44,,,
26,,,
3,,,
-16,,,
6,,,
10,,,
-10,,,
-6,,,
7,,,
26,,,
22,,,
13,,,
25,,,
34,,,
36,,,
46,,,
47,,,
20,,,
17,,,
18,,,
-15,,,
-11,,,
-2,,,
-16,,,
-13,,,
-17,,,
-40,,,
-78,,,
-112,,,
-122,,,
-137,,,
-145,,,
-140,,,
-124,,,
-81,,,
-67,,,
-73,,,
-47,,,
-29,,,
-49,,,
-59,,,
-34,,,
-40,,,
-67,,,
-49,,,
-27,,,
-24,,,
-11,,,
-14,,,
-40,,,
-39,,,
-26,,,
-24,,,
-1,,,
19,,,
21,,,
49,,,
47,,,
11,,,
35,,,
74,,,
73,,,
76,,,
52,,,
25,,,
32,,,
25,,,
28,,,
41,,,
37,,,
15,,,
10,,,
25,,,
18,,,
34,,,
59,,,
58,,,
88,,,
119,,,
107,,,
96,,,
114,,,
143,,,
142,,,
120,,,
110,,,
79,,,
57,,,
91,,,
82,,,
51,,,
80,,,
80,,,
48,,,
87,,,
112,,,
97,,,
119,,,
79,,,
112,,,
74,,,
-55,,,
166,,,
152,,,
-21,,,
117,,,
51,,,
33,,,
119,,,
-28,,,
26,,,
121,,,
-107,,,
-60,,,
50,,,
-101,,,
2,,,
53,,,
-72,,,
-73,,,
-49,,,
-51,,,
-73,,,
-71,,,
-72,,,
-77,,,
-60,,,
-89,,,
-114,,,
-117,,,
-126,,,
-114,,,
-121,,,
-117,,,
-83,,,
-87,,,
-107,,,
-126,,,
-137,,,
-147,,,
-142,,,
-127,,,
-144,,,
-133,,,
-133,,,
-126,,,
-92,,,
-88,,,
-93,,,
-94,,,
-74,,,
-90,,,
-106,,,
-95,,,
-111,,,
-80,,,
-63,,,
-81,,,
-52,,,
-39,,,
-29,,,
8,,,
21,,,
25,,,
-4,,,
-25,,,
-11,,,
-37,,,
-37,,,
-31,,,
-53,,,
-45,,,
-51,,,
-52,,,
-29,,,
-1,,,
35,,,
38,,,
46,,,
56,,,
30,,,
48,,,
74,,,
41,,,
28,,,
41,,,
32,,,
36,,,
58,,,
42,,,
30,,,
47,,,
36,,,
29,,,
43,,,
50,,,
57,,,
51,,,
46,,,
61,,,
86,,,
76,,,
47,,,
58,,,
58,,,
41,,,
44,,,
36,,,
33,,,
42,,,
34,,,
27,,,
26,,,
25,,,
17,,,
2,,,
26,,,
68,,,
80,,,
78,,,
74,,,
64,,,
71,,,
83,,,
86,,,
105,,,
116,,,
89,,,
47,,,
51,,,
79,,,
73,,,
76,,,
81,,,
77,,,
79,,,
48,,,
43,,,
38,,,
-15,,,
-5,,,
26,,,
11,,,
15,,,
9,,,
-6,,,
-9,,,
-30,,,
-41,,,
-41,,,
-46,,,
-38,,,
-37,,,
-45,,,
-25,,,
2,,,
5,,,
21,,,
34,,,
28,,,
13,,,
-12,,,
-7,,,
2,,,
0,,,
-16,,,
-50,,,
-40,,,
-29,,,
-30,,,
-16,,,
-23,,,
-30,,,
-28,,,
-48,,,
-78,,,
-79,,,
-63,,,
-68,,,
-54,,,
-35,,,
-47,,,
-45,,,
-39,,,
-52,,,
-40,,,
-22,,,
-23,,,
-23,,,
-38,,,
-54,,,
-58,,,
-54,,,
-47,,,
-52,,,
-46,,,
-58,,,
-73,,,
-63,,,
-78,,,
-77,,,
-70,,,
-78,,,
-79,,,
-88,,,
-103,,,
-118,,,
-128,,,
-130,,,
-141,,,
-154,,,
-135,,,
-115,,,
-110,,,
-86,,,
-68,,,
-77,,,
-63,,,
-22,,,
0,,,
9,,,
13,,,
16,,,
41,,,
81,,,
102,,,
107,,,
98,,,
81,,,
79,,,
77,,,
70,,,
62,,,
54,,,
41,,,
35,,,
37,,,
30,,,
67,,,
97,,,
83,,,
90,,,
81,,,
83,,,
105,,,
80,,,
63,,,
61,,,
15,,,
1,,,
34,,,
25,,,
5,,,
6,,,
-9,,,
-21,,,
-30,,,
-28,,,
7,,,
19,,,
10,,,
17,,,
10,,,
-14,,,
-8,,,
18,,,
10,,,
-9,,,
-9,,,
19,,,
53,,,
58,,,
54,,,
61,,,
71,,,
68,,,
74,,,
103,,,
127,,,
131,,,
131,,,
112,,,
69,,,
54,,,
63,,,
26,,,
-14,,,
-13,,,
-18,,,
-13,,,
4,,,
6,,,
9,,,
-7,,,
-27,,,
-26,,,
-12,,,
-7,,,
-9,,,
-3,,,
-11,,,
-19,,,
-8,,,
-4,,,
-15,,,
-27,,,
-17,,,
7,,,
-10,,,
-36,,,
-29,,,
-17,,,
13,,,
30,,,
13,,,
3,,,
-17,,,
-25,,,
5,,,
15,,,
-12,,,
-12,,,
17,,,
29,,,
20,,,
12,,,
16,,,
15,,,
-5,,,
-27,,,
-32,,,
-22,,,
-28,,,
-49,,,
-54,,,
-28,,,
1,,,
-11,,,
-18,,,
4,,,
14,,,
18,,,
3,,,
-9,,,
20,,,
47,,,
21,,,
-25,,,
-33,,,
-12,,,
13,,,
31,,,
21,,,
2,,,
1,,,
-14,,,
-31,,,
-16,,,
-2,,,
-12,,,
-15,,,
-28,,,
-54,,,
-45,,,
-42,,,
-29,,,
2,,,
-33,,,
-64,,,
-51,,,
-36,,,
-24,,,
-21,,,
-21,,,
-48,,,
-84,,,
-97,,,
-100,,,
-96,,,
-93,,,
-99,,,
-91,,,
-99,,,
-122,,,
-110,,,
-109,,,
-104,,,
-54,,,
-58,,,
-76,,,
-38,,,
-46,,,
-80,,,
-47,,,
-5,,,
-12,,,
-36,,,
-44,,,
-20,,,
12,,,
13,,,
29,,,
66,,,
89,,,
110,,,
139,,,
179,,,
187,,,
173,,,
188,,,
186,,,
172,,,
151,,,
128,,,
129,,,
129,,,
134,,,
132,,,
117,,,
107,,,
116,,,
140,,,
135,,,
101,,,
65,,,
25,,,
-4,,,
0,,,
1,,,
-19,,,
-19,,,
-9,,,
-15,,,
-27,,,
-47,,,
-81,,,
-106,,,
-100,,,
-91,,,
-125,,,
-138,,,
-78,,,
-60,,,
-93,,,
-83,,,
-62,,,
-48,,,
-51,,,
-68,,,
-67,,,
-70,,,
-54,,,
-28,,,
-37,,,
-32,,,
-14,,,
-17,,,
-26,,,
-32,,,
-49,,,
-70,,,
-71,,,
-43,,,
-23,,,
-50,,,
-75,,,
-63,,,
-40,,,
-4,,,
14,,,
8,,,
17,,,
24,,,
32,,,
54,,,
63,,,
61,,,
63,,,
57,,,
31,,,
16,,,
21,,,
19,,,
6,,,
-4,,,
-12,,,
-10,,,
-18,,,
-22,,,
-4,,,
-16,,,
-27,,,
-16,,,
-32,,,
-35,,,
-34,,,
-63,,,
-71,,,
-63,,,
-56,,,
-49,,,
-38,,,
-22,,,
-40,,,
-69,,,
-70,,,
-61,,,
-37,,,
-37,,,
-69,,,
-60,,,
-39,,,
-31,,,
-5,,,
15,,,
24,,,
34,,,
37,,,
45,,,
63,,,
74,,,
67,,,
70,,,
65,,,
36,,,
37,,,
57,,,
62,,,
60,,,
49,,,
68,,,
85,,,
55,,,
52,,,
56,,,
47,,,
75,,,
63,,,
24,,,
47,,,
83,,,
80,,,
53,,,
31,,,
14,,,
-19,,,
-37,,,
9,,,
49,,,
37,,,
40,,,
58,,,
69,,,
70,,,
73,,,
119,,,
127,,,
82,,,
96,,,
111,,,
83,,,
71,,,
75,,,
89,,,
83,,,
84,,,
83,,,
24,,,
-23,,,
-18,,,
16,,,
-14,,,
-84,,,
-56,,,
-34,,,
-112,,,
-154,,,
-81,,,
-10,,,
-30,,,
-63,,,
-80,,,
-106,,,
-90,,,
-31,,,
-12,,,
-35,,,
-31,,,
-25,,,
-39,,,
-25,,,
7,,,
-8,,,
-60,,,
-79,,,
-62,,,
-58,,,
-66,,,
-41,,,
8,,,
0,,,
-44,,,
-47,,,
-33,,,
-15,,,
10,,,
0,,,
-24,,,
-11,,,
2,,,
-10,,,
-18,,,
-10,,,
8,,,
4,,,
-28,,,
-32,,,
-14,,,
-7,,,
-4,,,
-7,,,
-9,,,
4,,,
15,,,
26,,,
34,,,
-2,,,
2,,,
61,,,
63,,,
39,,,
46,,,
62,,,
63,,,
53,,,
57,,,
80,,,
96,,,
82,,,
80,,,
83,,,
52,,,
6,,,
-26,,,
-35,,,
-41,,,
-51,,,
-57,,,
-97,,,
-127,,,
-119,,,
-139,,,
-138,,,
-121,,,
-147,,,
-158,,,
-141,,,
-139,,,
-160,,,
-152,,,
-114,,,
-94,,,
-92,,,
-81,,,
-57,,,
-44,,,
-42,,,
-30,,,
-7,,,
6,,,
26,,,
68,,,
79,,,
57,,,
56,,,
69,,,
61,,,
36,,,
59,,,
99,,,
65,,,
41,,,
75,,,
73,,,
25,,,
12,,,
54,,,
57,,,
2,,,
-10,,,
23,,,
32,,,
31,,,
40,,,
29,,,
28,,,
41,,,
44,,,
46,,,
25,,,
9,,,
15,,,
11,,,
13,,,
28,,,
27,,,
2,,,
-18,,,
-18,,,
-10,,,
-13,,,
-19,,,
-13,,,
2,,,
-6,,,
-17,,,
-18,,,
-39,,,
-38,,,
-29,,,
-47,,,
-43,,,
-37,,,
-56,,,
-48,,,
-19,,,
-28,,,
-53,,,
-43,,,
-5,,,
16,,,
9,,,
23,,,
49,,,
55,,,
56,,,
64,,,
95,,,
104,,,
81,,,
71,,,
64,,,
74,,,
87,,,
77,,,
91,,,
95,,,
69,,,
57,,,
32,,,
15,,,
34,,,
34,,,
30,,,
46,,,
29,,,
20,,,
47,,,
48,,,
27,,,
3,,,
-11,,,
6,,,
4,,,
-13,,,
-11,,,
-8,,,
5,,,
7,,,
-12,,,
-11,,,
-2,,,
14,,,
30,,,
20,,,
0,,,
-12,,,
-23,,,
-30,,,
-29,,,
-6,,,
-7,,,
-45,,,
-54,,,
-48,,,
-60,,,
-72,,,
-73,,,
-64,,,
-74,,,
-80,,,
-59,,,
-69,,,
-79,,,
-66,,,
-68,,,
-65,,,
-65,,,
-59,,,
-48,,,
-47,,,
-29,,,
-36,,,
-49,,,
-49,,,
-72,,,
-77,,,
-74,,,
-75,,,
-51,,,
-32,,,
-42,,,
-50,,,
-37,,,
-31,,,
-26,,,
6,,,
38,,,
56,,,
67,,,
64,,,
64,,,
73,,,
76,,,
59,,,
31,,,
13,,,
-12,,,
-23,,,
-16,,,
-7,,,
24,,,
25,,,
9,,,
6,,,
2,,,
24,,,
35,,,
41,,,
61,,,
60,,,
58,,,
62,,,
57,,,
50,,,
41,,,
36,,,
19,,,
-6,,,
-19,,,
-51,,,
-84,,,
-122,,,
-143,,,
-116,,,
-109,,,
-112,,,
-91,,,
-88,,,
-88,,,
-66,,,
-56,,,
-49,,,
-2,,,
22,,,
16,,,
31,,,
41,,,
64,,,
81,,,
60,,,
70,,,
79,,,
45,,,
23,,,
8,,,
10,,,
36,,,
54,,,
65,,,
69,,,
59,,,
47,,,
45,,,
48,,,
59,,,
64,,,
76,,,
100,,,
81,,,
67,,,
83,,,
61,,,
24,,,
12,,,
10,,,
13,,,
7,,,
4,,,
22,,,
45,,,
66,,,
89,,,
94,,,
74,,,
65,,,
64,,,
51,,,
38,,,
13,,,
-16,,,
-13,,,
-12,,,
-50,,,
-82,,,
-86,,,
-80,,,
-70,,,
-71,,,
-62,,,
-27,,,
-13,,,
-13,,,
-10,,,
-17,,,
-12,,,
-21,,,
-50,,,
-49,,,
-44,,,
-45,,,
-36,,,
-28,,,
-31,,,
-39,,,
-43,,,
-41,,,
-48,,,
-61,,,
-45,,,
-29,,,
-48,,,
-67,,,
-76,,,
-83,,,
-93,,,
-94,,,
-70,,,
-45,,,
-26,,,
-6,,,
-14,,,
-33,,,
-19,,,
-6,,,
-10,,,
-15,,,
-15,,,
-5,,,
10,,,
33,,,
37,,,
38,,,
55,,,
44,,,
46,,,
49,,,
10,,,
28,,,
63,,,
37,,,
14,,,
0,,,
-4,,,
25,,,
46,,,
56,,,
53,,,
38,,,
31,,,
37,,,
56,,,
59,,,
59,,,
58,,,
25,,,
11,,,
25,,,
17,,,
-8,,,
-7,,,
22,,,
36,,,
31,,,
53,,,
87,,,
81,,,
67,,,
70,,,
83,,,
85,,,
44,,,
40,,,
64,,,
37,,,
18,,,
15,,,
1,,,
1,,,
-3,,,
-27,,,
-30,,,
-24,,,
-24,,,
-7,,,
-7,,,
-21,,,
-7,,,
5,,,
-5,,,
-15,,,
-32,,,
-61,,,
-50,,,
-27,,,
-54,,,
-62,,,
-54,,,
-68,,,
-69,,,
-84,,,
-90,,,
-62,,,
-52,,,
-58,,,
-53,,,
-31,,,
-17,,,
-35,,,
-37,,,
-21,,,
-15,,,
-15,,,
-33,,,
-48,,,
-47,,,
-57,,,
-58,,,
-48,,,
-50,,,
-48,,,
-38,,,
-31,,,
-19,,,
5,,,
23,,,
29,,,
48,,,
42,,,
-16,,,
-54,,,
-58,,,
-75,,,
-96,,,
-88,,,
-77,,,
-74,,,
-71,,,
-78,,,
-73,,,
-41,,,
-17,,,
6,,,
50,,,
74,,,
84,,,
116,,,
124,,,
116,,,
122,,,
107,,,
103,,,
92,,,
54,,,
56,,,
37,,,
12,,,
61,,,
81,,,
51,,,
33,,,
35,,,
67,,,
85,,,
66,,,
37,,,
15,,,
29,,,
43,,,
34,,,
37,,,
49,,,
51,,,
22,,,
-1,,,
5,,,
0,,,
-7,,,
-26,,,
-60,,,
-62,,,
-48,,,
-55,,,
-44,,,
-2,,,
-6,,,
-26,,,
-10,,,
3,,,
25,,,
14,,,
-24,,,
-20,,,
-33,,,
-42,,,
-6,,,
4,,,
30,,,
71,,,
57,,,
40,,,
25,,,
39,,,
83,,,
63,,,
53,,,
93,,,
114,,,
121,,,
113,,,
123,,,
137,,,
118,,,
106,,,
88,,,
85,,,
97,,,
70,,,
41,,,
35,,,
37,,,
34,,,
15,,,
-13,,,
-39,,,
-69,,,
-94,,,
-95,,,
-117,,,
-142,,,
-143,,,
-165,,,
-177,,,
-179,,,
-197,,,
-200,,,
-193,,,
-175,,,
-159,,,
-157,,,
-147,,,
-146,,,
-136,,,
-107,,,
-114,,,
-110,,,
-65,,,
-50,,,
-48,,,
-36,,,
-24,,,
-12,,,
-14,,,
-20,,,
-4,,,
4,,,
-13,,,
-7,,,
11,,,
10,,,
6,,,
14,,,
31,,,
44,,,
71,,,
100,,,
99,,,
112,,,
115,,,
76,,,
48,,,
55,,,
76,,,
82,,,
84,,,
96,,,
98,,,
80,,,
52,,,
44,,,
52,,,
54,,,
51,,,
32,,,
-7,,,
-16,,,
15,,,
20,,,
-1,,,
6,,,
5,,,
-21,,,
-19,,,
-1,,,
-7,,,
-45,,,
-66,,,
-36,,,
-38,,,
-67,,,
-82,,,
-88,,,
-58,,,
-67,,,
-105,,,
-79,,,
-51,,,
-38,,,
-13,,,
-10,,,
-26,,,
-28,,,
-18,,,
-32,,,
-38,,,
-8,,,
10,,,
15,,,
22,,,
28,,,
50,,,
86,,,
85,,,
38,,,
38,,,
67,,,
54,,,
57,,,
51,,,
34,,,
52,,,
60,,,
67,,,
85,,,
75,,,
70,,,
68,,,
41,,,
28,,,
46,,,
45,,,
32,,,
33,,,
32,,,
17,,,
2,,,
3,,,
2,,,
8,,,
12,,,
-22,,,
-32,,,
-24,,,
-35,,,
-14,,,
9,,,
10,,,
2,,,
-32,,,
-35,,,
1,,,
-7,,,
-32,,,
-12,,,
2,,,
1,,,
9,,,
-16,,,
-34,,,
-26,,,
-54,,,
-56,,,
-30,,,
-46,,,
-61,,,
-56,,,
-58,,,
-56,,,
-47,,,
-44,,,
-39,,,
-20,,,
-19,,,
-32,,,
-12,,,
11,,,
10,,,
22,,,
20,,,
11,,,
15,,,
27,,,
53,,,
56,,,
70,,,
96,,,
81,,,
85,,,
100,,,
77,,,
62,,,
52,,,
52,,,
72,,,
59,,,
57,,,
84,,,
85,,,
79,,,
66,,,
43,,,
41,,,
46,,,
40,,,
17,,,
-4,,,
-8,,,
-26,,,
-71,,,
-105,,,
-94,,,
-79,,,
-86,,,
-81,,,
-70,,,
-74,,,
-63,,,
-52,,,
-56,,,
-53,,,
-74,,,
-96,,,
-76,,,
-67,,,
-70,,,
-62,,,
-48,,,
-30,,,
-46,,,
-58,,,
-58,,,
-79,,,
-58,,,
-29,,,
-39,,,
-36,,,
-20,,,
-15,,,
-5,,,
6,,,
-16,,,
-28,,,
-19,,,
-27,,,
-15,,,
-2,,,
-14,,,
-6,,,
2,,,
-16,,,
-14,,,
8,,,
-23,,,
-48,,,
-11,,,
-7,,,
-7,,,
28,,,
37,,,
46,,,
48,,,
29,,,
34,,,
42,,,
46,,,
56,,,
47,,,
17,,,
19,,,
25,,,
4,,,
-4,,,
-7,,,
2,,,
3,,,
-12,,,
1,,,
18,,,
28,,,
39,,,
19,,,
-6,,,
-7,,,
1,,,
27,,,
61,,,
83,,,
98,,,
94,,,
84,,,
75,,,
46,,,
25,,,
38,,,
40,,,
27,,,
8,,,
-26,,,
-40,,,
-45,,,
-76,,,
-89,,,
-69,,,
-54,,,
-57,,,
-69,,,
-63,,,
-61,,,
-101,,,
-112,,,
-91,,,
-101,,,
-96,,,
-72,,,
-49,,,
-16,,,
6,,,
32,,,
46,,,
35,,,
46,,,
59,,,
48,,,
64,,,
102,,,
95,,,
91,,,
128,,,
133,,,
117,,,
131,,,
135,,,
121,,,
108,,,
103,,,
119,,,
107,,,
78,,,
71,,,
34,,,
-26,,,
-50,,,
-58,,,
-86,,,
-122,,,
-143,,,
-149,,,
-157,,,
-155,,,
-134,,,
-103,,,
-79,,,
-101,,,
-131,,,
-138,,,
-146,,,
-134,,,
-112,,,
-93,,,
-81,,,
-78,,,
-61,,,
-46,,,
-48,,,
-54,,,
-41,,,
-4,,,
13,,,
29,,,
84,,,
94,,,
63,,,
76,,,
106,,,
117,,,
119,,,
105,,,
82,,,
76,,,
70,,,
28,,,
-14,,,
-4,,,
11,,,
5,,,
-1,,,
-3,,,
-18,,,
-60,,,
-55,,,
-32,,,
-45,,,
-37,,,
-38,,,
-58,,,
-50,,,
-38,,,
-60,,,
-81,,,
-67,,,
-57,,,
-33,,,
-4,,,
-18,,,
-16,,,
-2,,,
-1,,,
6,,,
-27,,,
-55,,,
-7,,,
22,,,
0,,,
6,,,
10,,,
4,,,
38,,,
37,,,
0,,,
34,,,
60,,,
20,,,
10,,,
19,,,
16,,,
16,,,
10,,,
15,,,
28,,,
36,,,
60,,,
89,,,
85,,,
83,,,
108,,,
107,,,
92,,,
90,,,
104,,,
113,,,
96,,,
91,,,
92,,,
105,,,
149,,,
145,,,
107,,,
101,,,
82,,,
59,,,
62,,,
48,,,
25,,,
17,,,
32,,,
51,,,
45,,,
41,,,
39,,,
17,,,
23,,,
46,,,
27,,,
-15,,,
-43,,,
-54,,,
-69,,,
-83,,,
-80,,,
-97,,,
-131,,,
-144,,,
-151,,,
-147,,,
-149,,,
-153,,,
-145,,,
-166,,,
-141,,,
-86,,,
-106,,,
-102,,,
-90,,,
-103,,,
-80,,,
-100,,,
-128,,,
-84,,,
-35,,,
-30,,,
-57,,,
-69,,,
-49,,,
-19,,,
-22,,,
-65,,,
-66,,,
-40,,,
-43,,,
-33,,,
8,,,
37,,,
35,,,
38,,,
53,,,
69,,,
95,,,
98,,,
72,,,
57,,,
65,,,
69,,,
54,,,
39,,,
48,,,
77,,,
87,,,
83,,,
84,,,
94,,,
116,,,
121,,,
113,,,
132,,,
164,,,
157,,,
135,,,
122,,,
115,,,
116,,,
92,,,
48,,,
41,,,
61,,,
47,,,
18,,,
5,,,
-7,,,
-15,,,
-34,,,
-52,,,
-48,,,
-54,,,
-72,,,
-61,,,
-31,,,
-19,,,
-23,,,
-40,,,
-43,,,
-17,,,
-10,,,
1,,,
26,,,
17,,,
-12,,,
-25,,,
-9,,,
-10,,,
-36,,,
-51,,,
-57,,,
-41,,,
-20,,,
-13,,,
-4,,,
-15,,,
-29,,,
-35,,,
-47,,,
-41,,,
-43,,,
-60,,,
-50,,,
-48,,,
-80,,,
-93,,,
-102,,,
-111,,,
-87,,,
-85,,,
-100,,,
-86,,,
-80,,,
-61,,,
-25,,,
3,,,
22,,,
27,,,
41,,,
40,,,
28,,,
45,,,
53,,,
63,,,
108,,,
122,,,
90,,,
74,,,
71,,,
75,,,
86,,,
70,,,
61,,,
91,,,
109,,,
94,,,
75,,,
48,,,
14,,,
7,,,
7,,,
0,,,
-17,,,
-54,,,
-73,,,
-76,,,
-77,,,
-63,,,
-68,,,
-72,,,
-65,,,
-61,,,
-33,,,
-17,,,
-23,,,
-28,,,
-62,,,
-83,,,
-59,,,
-40,,,
-21,,,
-9,,,
-9,,,
19,,,
14,,,
-27,,,
-23,,,
-51,,,
-120,,,
-112,,,
-89,,,
-109,,,
-108,,,
-109,,,
-110,,,
-96,,,
-94,,,
-78,,,
-65,,,
-53,,,
-38,,,
-47,,,
-24,,,
4,,,
-10,,,
-6,,,
-15,,,
-37,,,
-11,,,
15,,,
12,,,
25,,,
48,,,
49,,,
45,,,
58,,,
95,,,
136,,,
149,,,
156,,,
161,,,
149,,,
142,,,
136,,,
134,,,
139,,,
130,,,
136,,,
133,,,
98,,,
107,,,
132,,,
127,,,
130,,,
129,,,
123,,,
125,,,
137,,,
146,,,
126,,,
101,,,
75,,,
75,,,
88,,,
67,,,
42,,,
23,,,
5,,,
-11,,,
-37,,,
-44,,,
-26,,,
-19,,,
-24,,,
-19,,,
-12,,,
-21,,,
-50,,,
-57,,,
-56,,,
-85,,,
-107,,,
-123,,,
-140,,,
-141,,,
-148,,,
-162,,,
-190,,,
-230,,,
-249,,,
-259,,,
-258,,,
-221,,,
-168,,,
-122,,,
-96,,,
-92,,,
-82,,,
-65,,,
-78,,,
-75,,,
-33,,,
-30,,,
-59,,,
-69,,,
-70,,,
-74,,,
-77,,,
-72,,,
-77,,,
-80,,,
-72,,,
-79,,,
-84,,,
-62,,,
-24,,,
-13,,,
-23,,,
4,,,
20,,,
16,,,
45,,,
53,,,
42,,,
54,,,
66,,,
79,,,
83,,,
82,,,
74,,,
43,,,
42,,,
57,,,
67,,,
89,,,
97,,,
99,,,
118,,,
136,,,
132,,,
127,,,
142,,,
158,,,
160,,,
135,,,
121,,,
144,,,
148,,,
140,,,
133,,,
101,,,
89,,,
85,,,
53,,,
45,,,
40,,,
36,,,
25,,,
-17,,,
-13,,,
14,,,
7,,,
-7,,,
-42,,,
-71,,,
-71,,,
-84,,,
-97,,,
-99,,,
-106,,,
-112,,,
-129,,,
-148,,,
-131,,,
-103,,,
-99,,,
-109,,,
-107,,,
-102,,,
-103,,,
-85,,,
-63,,,
-43,,,
-20,,,
-14,,,
-3,,,
1,,,
-17,,,
7,,,
22,,,
16,,,
49,,,
36,,,
17,,,
39,,,
31,,,
21,,,
23,,,
27,,,
31,,,
27,,,
33,,,
22,,,
8,,,
31,,,
26,,,
11,,,
42,,,
53,,,
32,,,
25,,,
22,,,
41,,,
54,,,
27,,,
20,,,
37,,,
51,,,
69,,,
62,,,
38,,,
31,,,
35,,,
39,,,
65,,,
90,,,
78,,,
80,,,
65,,,
25,,,
14,,,
1,,,
-3,,,
-5,,,
-20,,,
-24,,,
-28,,,
-45,,,
-75,,,
-81,,,
-57,,,
-49,,,
-38,,,
-15,,,
-29,,,
-39,,,
-22,,,
-43,,,
-53,,,
-31,,,
-47,,,
-50,,,
-25,,,
-26,,,
-32,,,
-56,,,
-58,,,
-26,,,
-50,,,
-61,,,
-31,,,
-37,,,
-43,,,
-31,,,
-19,,,
-4,,,
-6,,,
-30,,,
-49,,,
-57,,,
-47,,,
-29,,,
-6,,,
-3,,,
-35,,,
-35,,,
-27,,,
-29,,,
-14,,,
-16,,,
-10,,,
-9,,,
-25,,,
-3,,,
2,,,
-39,,,
-41,,,
11,,,
50,,,
49,,,
60,,,
81,,,
85,,,
100,,,
104,,,
92,,,
81,,,
69,,,
65,,,
41,,,
27,,,
32,,,
13,,,
9,,,
20,,,
6,,,
4,,,
8,,,
-10,,,
-3,,,
16,,,
-10,,,
-17,,,
-9,,,
-20,,,
-12,,,
-14,,,
-41,,,
-49,,,
-33,,,
-20,,,
-24,,,
-31,,,
-37,,,
-53,,,
-64,,,
-41,,,
-17,,,
-18,,,
-15,,,
-10,,,
-14,,,
-4,,,
12,,,
15,,,
3,,,
-23,,,
-45,,,
-48,,,
-25,,,
-6,,,
-10,,,
5,,,
-1,,,
-33,,,
-31,,,
-26,,,
-11,,,
35,,,
48,,,
36,,,
63,,,
80,,,
70,,,
94,,,
126,,,
128,,,
105,,,
88,,,
111,,,
134,,,
138,,,
149,,,
145,,,
129,,,
118,,,
108,,,
109,,,
98,,,
65,,,
48,,,
45,,,
47,,,
43,,,
35,,,
46,,,
45,,,
29,,,
21,,,
10,,,
-12,,,
-31,,,
-42,,,
-54,,,
-53,,,
-63,,,
-89,,,
-83,,,
-68,,,
-78,,,
-88,,,
-83,,,
-84,,,
-77,,,
-66,,,
-74,,,
-58,,,
-45,,,
-60,,,
-54,,,
-56,,,
-57,,,
-32,,,
-15,,,
-18,,,
-41,,,
-58,,,
-50,,,
-46,,,
-54,,,
-42,,,
-45,,,
-75,,,
-64,,,
-48,,,
-53,,,
-47,,,
-46,,,
-62,,,
-83,,,
-88,,,
-96,,,
-98,,,
-74,,,
-81,,,
-105,,,
-112,,,
-109,,,
-99,,,
-110,,,
-123,,,
-118,,,
-112,,,
-85,,,
-62,,,
-65,,,
-58,,,
-40,,,
-17,,,
-4,,,
-33,,,
-42,,,
-15,,,
-6,,,
1,,,
-1,,,
-3,,,
16,,,
32,,,
67,,,
107,,,
99,,,
98,,,
135,,,
140,,,
134,,,
144,,,
140,,,
146,,,
167,,,
159,,,
119,,,
105,,,
134,,,
131,,,
97,,,
117,,,
144,,,
140,,,
132,,,
111,,,
93,,,
67,,,
21,,,
20,,,
55,,,
58,,,
24,,,
-2,,,
13,,,
14,,,
-4,,,
4,,,
8,,,
-4,,,
8,,,
19,,,
-3,,,
-12,,,
-13,,,
-20,,,
-12,,,
-8,,,
-2,,,
0,,,
-10,,,
-36,,,
-49,,,
-41,,,
-61,,,
-81,,,
-81,,,
-84,,,
-87,,,
-80,,,
-90,,,
-118,,,
-95,,,
-74,,,
-104,,,
-89,,,
-46,,,
-26,,,
-19,,,
-18,,,
5,,,
48,,,
46,,,
27,,,
44,,,
30,,,
1,,,
4,,,
-2,,,
7,,,
24,,,
19,,,
15,,,
13,,,
26,,,
32,,,
17,,,
24,,,
37,,,
50,,,
70,,,
50,,,
29,,,
48,,,
39,,,
8,,,
-4,,,
2,,,
12,,,
29,,,
51,,,
67,,,
73,,,
56,,,
41,,,
40,,,
25,,,
12,,,
-1,,,
-18,,,
-4,,,
7,,,
-26,,,
-60,,,
-61,,,
-68,,,
-103,,,
-103,,,
-74,,,
-81,,,
-94,,,
-113,,,
-135,,,
-120,,,
-118,,,
-115,,,
-86,,,
-103,,,
-124,,,
-96,,,
-66,,,
-54,,,
-47,,,
-34,,,
-34,,,
-40,,,
-29,,,
-49,,,
-67,,,
-46,,,
-43,,,
-49,,,
-35,,,
-10,,,
-16,,,
-12,,,
40,,,
32,,,
4,,,
15,,,
3,,,
0,,,
14,,,
8,,,
-5,,,
-11,,,
-19,,,
-9,,,
25,,,
24,,,
22,,,
40,,,
21,,,
5,,,
2,,,
-37,,,
-63,,,
-37,,,
-28,,,
-15,,,
26,,,
26,,,
26,,,
42,,,
35,,,
35,,,
49,,,
71,,,
85,,,
100,,,
120,,,
139,,,
164,,,
176,,,
179,,,
175,,,
156,,,
166,,,
180,,,
151,,,
145,,,
146,,,
110,,,
104,,,
105,,,
80,,,
83,,,
88,,,
68,,,
30,,,
2,,,
5,,,
20,,,
28,,,
6,,,
-10,,,
4,,,
-7,,,
-25,,,
-36,,,
-43,,,
-57,,,
-75,,,
-61,,,
-58,,,
-71,,,
-68,,,
-60,,,
-43,,,
-25,,,
-24,,,
-53,,,
-75,,,
-58,,,
-80,,,
-109,,,
-80,,,
-63,,,
-75,,,
-94,,,
-106,,,
-106,,,
-114,,,
-88,,,
-49,,,
-53,,,
-48,,,
-21,,,
-13,,,
-12,,,
-7,,,
-8,,,
-5,,,
-2,,,
8,,,
19,,,
22,,,
34,,,
51,,,
50,,,
35,,,
17,,,
1,,,
24,,,
47,,,
26,,,
48,,,
93,,,
82,,,
71,,,
85,,,
104,,,
119,,,
105,,,
71,,,
59,,,
71,,,
64,,,
59,,,
52,,,
46,,,
67,,,
46,,,
-3,,,
-2,,,
11,,,
-20,,,
-53,,,
-52,,,
-56,,,
-47,,,
-55,,,
-99,,,
-106,,,
-109,,,
-122,,,
-99,,,
-64,,,
-60,,,
-77,,,
-97,,,
-99,,,
-93,,,
-109,,,
-113,,,
-121,,,
-166,,,
-180,,,
-154,,,
-129,,,
-122,,,
-120,,,
-115,,,
-119,,,
-112,,,
-117,,,
-105,,,
-57,,,
-53,,,
-55,,,
-36,,,
-37,,,
-19,,,
-19,,,
-48,,,
-32,,,
8,,,
30,,,
28,,,
23,,,
26,,,
15,,,
17,,,
39,,,
57,,,
76,,,
76,,,
51,,,
63,,,
98,,,
106,,,
98,,,
100,,,
117,,,
129,,,
143,,,
149,,,
153,,,
172,,,
174,,,
187,,,
197,,,
175,,,
161,,,
136,,,
113,,,
120,,,
110,,,
95,,,
105,,,
118,,,
135,,,
150,,,
142,,,
130,,,
119,,,
98,,,
92,,,
93,,,
75,,,
53,,,
38,,,
26,,,
27,,,
39,,,
32,,,
19,,,
21,,,
22,,,
10,,,
-5,,,
-7,,,
-24,,,
-60,,,
-87,,,
-93,,,
-78,,,
-87,,,
-90,,,
-83,,,
-94,,,
-103,,,
-128,,,
-123,,,
-111,,,
-141,,,
-124,,,
-124,,,
-175,,,
-172,,,
-138,,,
-118,,,
-119,,,
-130,,,
-136,,,
-155,,,
-167,,,
-170,,,
-175,,,
-149,,,
-126,,,
-127,,,
-114,,,
-106,,,
-97,,,
-80,,,
-83,,,
-76,,,
-60,,,
-71,,,
-97,,,
-101,,,
-87,,,
-88,,,
-87,,,
-80,,,
-66,,,
-24,,,
-3,,,
3,,,
30,,,
34,,,
28,,,
43,,,
55,,,
40,,,
36,,,
56,,,
50,,,
69,,,
105,,,
110,,,
123,,,
129,,,
128,,,
153,,,
171,,,
174,,,
174,,,
161,,,
149,,,
137,,,
144,,,
153,,,
123,,,
106,,,
94,,,
71,,,
90,,,
97,,,
86,,,
87,,,
69,,,
40,,,
12,,,
12,,,
15,,,
-5,,,
-20,,,
-29,,,
-10,,,
-10,,,
-47,,,
-35,,,
-6,,,
-2,,,
-23,,,
-58,,,
-59,,,
-46,,,
-49,,,
-53,,,
-44,,,
-39,,,
-52,,,
-58,,,
-74,,,
-93,,,
-85,,,
-80,,,
-62,,,
-46,,,
-51,,,
-38,,,
-37,,,
-64,,,
-87,,,
-92,,,
-81,,,
-101,,,
-133,,,
-120,,,
-91,,,
-68,,,
-55,,,
-33,,,
7,,,
27,,,
36,,,
42,,,
26,,,
36,,,
65,,,
54,,,
35,,,
50,,,
73,,,
87,,,
108,,,
112,,,
91,,,
101,,,
105,,,
107,,,
139,,,
131,,,
119,,,
113,,,
71,,,
72,,,
93,,,
80,,,
58,,,
12,,,
-8,,,
10,,,
-4,,,
-34,,,
-44,,,
-30,,,
-20,,,
-34,,,
-38,,,
-33,,,
-26,,,
-2,,,
-7,,,
-36,,,
-31,,,
-38,,,
-59,,,
-45,,,
-28,,,
-14,,,
-10,,,
-43,,,
-75,,,
-92,,,
-100,,,
-87,,,
-84,,,
-89,,,
-76,,,
-82,,,
-90,,,
-60,,,
-55,,,
-63,,,
-33,,,
-24,,,
-35,,,
-45,,,
-71,,,
-83,,,
-70,,,
-64,,,
-67,,,
-38,,,
-12,,,
-33,,,
-40,,,
-27,,,
-26,,,
-11,,,
3,,,
4,,,
19,,,
40,,,
68,,,
78,,,
43,,,
26,,,
61,,,
72,,,
46,,,
67,,,
89,,,
49,,,
30,,,
53,,,
63,,,
70,,,
64,,,
33,,,
10,,,
12,,,
40,,,
58,,,
48,,,
57,,,
93,,,
130,,,
147,,,
130,,,
100,,,
82,,,
67,,,
55,,,
55,,,
55,,,
53,,,
44,,,
34,,,
40,,,
41,,,
29,,,
20,,,
7,,,
-2,,,
-14,,,
-32,,,
-37,,,
-55,,,
-55,,,
-28,,,
-33,,,
-49,,,
-58,,,
-55,,,
-51,,,
-74,,,
-81,,,
-64,,,
-68,,,
-99,,,
-112,,,
-85,,,
-65,,,
-56,,,
-60,,,
-91,,,
-80,,,
-69,,,
-96,,,
-91,,,
-91,,,
-84,,,
-45,,,
-32,,,
-44,,,
-55,,,
-61,,,
-58,,,
-62,,,
-66,,,
-47,,,
-19,,,
-19,,,
-14,,,
2,,,
1,,,
17,,,
27,,,
12,,,
21,,,
29,,,
24,,,
27,,,
40,,,
45,,,
32,,,
41,,,
51,,,
46,,,
52,,,
64,,,
73,,,
58,,,
61,,,
96,,,
108,,,
101,,,
95,,,
96,,,
88,,,
86,,,
100,,,
91,,,
80,,,
75,,,
65,,,
64,,,
71,,,
64,,,
58,,,
75,,,
94,,,
115,,,
126,,,
103,,,
97,,,
119,,,
113,,,
84,,,
49,,,
22,,,
17,,,
15,,,
6,,,
-6,,,
-22,,,
-20,,,
-6,,,
-16,,,
-13,,,
-19,,,
-54,,,
-48,,,
-47,,,
-83,,,
-112,,,
-120,,,
-98,,,
-89,,,
-93,,,
-83,,,
-83,,,
-79,,,
-92,,,
-114,,,
-96,,,
-81,,,
-96,,,
-116,,,
-123,,,
-118,,,
-120,,,
-110,,,
-92,,,
-87,,,
-75,,,
-64,,,
-61,,,
-56,,,
-59,,,
-69,,,
-95,,,
-118,,,
-105,,,
-101,,,
-94,,,
-66,,,
-62,,,
-51,,,
-49,,,
-79,,,
-76,,,
-39,,,
-11,,,
-9,,,
3,,,
28,,,
38,,,
57,,,
65,,,
31,,,
15,,,
43,,,
58,,,
58,,,
109,,,
173,,,
171,,,
147,,,
147,,,
174,,,
204,,,
197,,,
189,,,
194,,,
162,,,
110,,,
107,,,
128,,,
120,,,
100,,,
69,,,
54,,,
65,,,
61,,,
50,,,
46,,,
38,,,
34,,,
24,,,
-5,,,
-20,,,
-20,,,
-20,,,
-17,,,
-40,,,
-75,,,
-92,,,
-97,,,
-83,,,
-60,,,
-60,,,
-66,,,
-35,,,
-9,,,
-10,,,
1,,,
5,,,
-12,,,
-38,,,
-56,,,
-55,,,
-46,,,
-41,,,
-38,,,
-36,,,
-38,,,
-33,,,
-40,,,
-67,,,
-73,,,
-71,,,
-81,,,
-68,,,
-72,,,
-84,,,
-58,,,
-45,,,
-41,,,
-34,,,
-24,,,
-29,,,
-58,,,
-20,,,
12,,,
-17,,,
17,,,
57,,,
35,,,
26,,,
44,,,
36,,,
14,,,
23,,,
43,,,
72,,,
92,,,
74,,,
59,,,
59,,,
65,,,
49,,,
17,,,
25,,,
17,,,
0,,,
25,,,
23,,,
2,,,
15,,,
35,,,
39,,,
41,,,
27,,,
17,,,
33,,,
40,,,
40,,,
43,,,
28,,,
8,,,
-14,,,
-39,,,
-49,,,
-30,,,
-33,,,
-61,,,
-57,,,
-46,,,
-39,,,
-37,,,
-54,,,
-59,,,
-67,,,
-79,,,
-76,,,
-87,,,
-90,,,
-82,,,
-77,,,
-59,,,
-65,,,
-56,,,
-25,,,
-47,,,
-56,,,
-28,,,
-20,,,
-23,,,
-32,,,
-35,,,
-42,,,
-53,,,
-48,,,
-44,,,
-44,,,
-35,,,
0,,,
34,,,
34,,,
45,,,
68,,,
51,,,
42,,,
72,,,
65,,,
59,,,
77,,,
72,,,
89,,,
99,,,
80,,,
58,,,
60,,,
98,,,
117,,,
121,,,
129,,,
107,,,
98,,,
111,,,
80,,,
53,,,
51,,,
13,,,
7,,,
40,,,
41,,,
35,,,
24,,,
15,,,
3,,,
-17,,,
-24,,,
-46,,,
-40,,,
-22,,,
-47,,,
-43,,,
-34,,,
-45,,,
-28,,,
-27,,,
-39,,,
-48,,,
-52,,,
-60,,,
-94,,,
-99,,,
-86,,,
-102,,,
-105,,,
-83,,,
-86,,,
-128,,,
-156,,,
-157,,,
-161,,,
-159,,,
-162,,,
-156,,,
-133,,,
-98,,,
-41,,,
-22,,,
-21,,,
3,,,
-4,,,
-33,,,
-66,,,
-71,,,
-42,,,
-56,,,
-83,,,
-89,,,
-91,,,
-65,,,
-41,,,
-42,,,
-27,,,
8,,,
6,,,
-13,,,
-2,,,
0,,,
9,,,
46,,,
68,,,
81,,,
101,,,
139,,,
171,,,
166,,,
155,,,
134,,,
107,,,
116,,,
117,,,
96,,,
109,,,
123,,,
110,,,
113,,,
136,,,
135,,,
114,,,
117,,,
145,,,
157,,,
152,,,
179,,,
202,,,
183,,,
169,,,
151,,,
132,,,
135,,,
137,,,
121,,,
90,,,
67,,,
40,,,
11,,,
-1,,,
-15,,,
-11,,,
-2,,,
-20,,,
-18,,,
-23,,,
-56,,,
-79,,,
-89,,,
-89,,,
-93,,,
-99,,,
-89,,,
-89,,,
-105,,,
-99,,,
-78,,,
-71,,,
-63,,,
-51,,,
-46,,,
-53,,,
-55,,,
-63,,,
-86,,,
-77,,,
-42,,,
-32,,,
-38,,,
-41,,,
-42,,,
-36,,,
-24,,,
-23,,,
-36,,,
-46,,,
-39,,,
-44,,,
-50,,,
-40,,,
-42,,,
-42,,,
-61,,,
-102,,,
-100,,,
-85,,,
-65,,,
-51,,,
-64,,,
-55,,,
-28,,,
-3,,,
21,,,
19,,,
23,,,
37,,,
11,,,
-20,,,
-42,,,
-57,,,
-40,,,
-21,,,
-24,,,
-25,,,
-22,,,
-13,,,
23,,,
41,,,
39,,,
58,,,
66,,,
74,,,
73,,,
37,,,
11,,,
0,,,
-9,,,
-37,,,
-75,,,
-84,,,
-89,,,
-100,,,
-106,,,
-97,,,
-73,,,
-71,,,
-77,,,
-67,,,
-54,,,
-45,,,
-37,,,
-28,,,
-32,,,
-57,,,
-57,,,
-19,,,
-1,,,
-4,,,
39,,,
75,,,
52,,,
53,,,
72,,,
63,,,
63,,,
65,,,
68,,,
72,,,
59,,,
71,,,
81,,,
59,,,
58,,,
54,,,
49,,,
39,,,
4,,,
11,,,
20,,,
-8,,,
-9,,,
-7,,,
-3,,,
3,,,
-18,,,
-11,,,
12,,,
27,,,
56,,,
45,,,
21,,,
49,,,
56,,,
45,,,
52,,,
46,,,
56,,,
79,,,
74,,,
64,,,
62,,,
53,,,
42,,,
41,,,
49,,,
42,,,
13,,,
-3,,,
1,,,
-4,,,
-16,,,
-6,,,
4,,,
-1,,,
7,,,
-9,,,
-43,,,
-43,,,
-27,,,
-8,,,
11,,,
23,,,
39,,,
56,,,
78,,,
91,,,
90,,,
102,,,
122,,,
123,,,
99,,,
84,,,
87,,,
52,,,
-6,,,
-45,,,
-60,,,
-64,,,
-70,,,
-62,,,
-51,,,
-50,,,
-61,,,
-76,,,
-53,,,
-45,,,
-72,,,
-62,,,
-41,,,
-41,,,
-51,,,
-68,,,
-67,,,
-78,,,
-95,,,
-81,,,
-80,,,
-99,,,
-106,,,
-98,,,
-84,,,
-77,,,
-63,,,
-51,,,
-54,,,
-51,,,
-52,,,
-56,,,
-53,,,
-64,,,
-78,,,
-71,,,
-53,,,
-55,,,
-57,,,
-47,,,
-47,,,
-36,,,
-29,,,
-29,,,
13,,,
44,,,
44,,,
42,,,
28,,,
28,,,
48,,,
69,,,
73,,,
60,,,
64,,,
81,,,
83,,,
75,,,
72,,,
87,,,
91,,,
65,,,
53,,,
48,,,
30,,,
34,,,
42,,,
23,,,
7,,,
13,,,
35,,,
56,,,
73,,,
77,,,
53,,,
38,,,
47,,,
61,,,
84,,,
83,,,
83,,,
99,,,
72,,,
54,,,
76,,,
79,,,
76,,,
66,,,
42,,,
30,,,
31,,,
50,,,
59,,,
54,,,
62,,,
69,,,
58,,,
14,,,
-8,,,
-2,,,
-11,,,
-6,,,
-26,,,
-45,,,
-20,,,
-23,,,
-24,,,
-15,,,
-31,,,
-18,,,
3,,,
-28,,,
-49,,,
-40,,,
-50,,,
-46,,,
-39,,,
-55,,,
-52,,,
-51,,,
-45,,,
-36,,,
-57,,,
-46,,,
-14,,,
-19,,,
-23,,,
-23,,,
-15,,,
-2,,,
-20,,,
-38,,,
-55,,,
-84,,,
-93,,,
-108,,,
-125,,,
-110,,,
-98,,,
-80,,,
-52,,,
-56,,,
-45,,,
-18,,,
-7,,,
11,,,
5,,,
-18,,,
-21,,,
-31,,,
-45,,,
-35,,,
-22,,,
-24,,,
-27,,,
-10,,,
0,,,
-20,,,
-32,,,
-33,,,
-22,,,
-2,,,
-16,,,
-35,,,
-26,,,
-18,,,
-10,,,
-10,,,
-5,,,
5,,,
12,,,
24,,,
32,,,
46,,,
53,,,
38,,,
39,,,
40,,,
32,,,
53,,,
61,,,
50,,,
54,,,
45,,,
38,,,
42,,,
34,,,
13,,,
-13,,,
-1,,,
27,,,
19,,,
14,,,
14,,,
-6,,,
-17,,,
-9,,,
-8,,,
-43,,,
-73,,,
-86,,,
-100,,,
-74,,,
-65,,,
-101,,,
-103,,,
-107,,,
-127,,,
-95,,,
-56,,,
-39,,,
-7,,,
1,,,
-13,,,
-3,,,
7,,,
14,,,
17,,,
20,,,
33,,,
40,,,
44,,,
59,,,
68,,,
72,,,
80,,,
98,,,
117,,,
114,,,
125,,,
145,,,
126,,,
87,,,
59,,,
70,,,
85,,,
68,,,
67,,,
62,,,
39,,,
39,,,
37,,,
23,,,
21,,,
15,,,
1,,,
11,,,
26,,,
21,,,
4,,,
1,,,
0,,,
-9,,,
2,,,
3,,,
6,,,
21,,,
16,,,
16,,,
15,,,
-6,,,
-14,,,
-17,,,
-15,,,
-6,,,
-30,,,
-26,,,
-11,,,
-52,,,
-48,,,
-33,,,
-50,,,
-41,,,
-49,,,
-56,,,
-39,,,
-50,,,
-73,,,
-66,,,
-52,,,
-57,,,
-51,,,
-39,,,
-38,,,
-72,,,
-93,,,
-46,,,
-31,,,
-60,,,
-48,,,
-24,,,
-15,,,
-10,,,
-5,,,
12,,,
11,,,
-14,,,
-3,,,
12,,,
-4,,,
-2,,,
9,,,
6,,,
5,,,
25,,,
50,,,
42,,,
22,,,
15,,,
6,,,
10,,,
16,,,
20,,,
37,,,
37,,,
25,,,
33,,,
27,,,
8,,,
-10,,,
-45,,,
-53,,,
-32,,,
-49,,,
-73,,,
-76,,,
-90,,,
-95,,,
-77,,,
-65,,,
-55,,,
-59,,,
-81,,,
-78,,,
-77,,,
-90,,,
-70,,,
-56,,,
-63,,,
-45,,,
-29,,,
-46,,,
-66,,,
-66,,,
-63,,,
-58,,,
-28,,,
-3,,,
6,,,
20,,,
18,,,
15,,,
32,,,
25,,,
25,,,
71,,,
78,,,
62,,,
84,,,
82,,,
57,,,
63,,,
78,,,
85,,,
103,,,
111,,,
88,,,
71,,,
85,,,
87,,,
75,,,
90,,,
102,,,
86,,,
75,,,
86,,,
94,,,
81,,,
57,,,
50,,,
68,,,
70,,,
48,,,
25,,,
26,,,
61,,,
99,,,
118,,,
114,,,
90,,,
58,,,
36,,,
31,,,
21,,,
-7,,,
-20,,,
0,,,
-1,,,
-21,,,
-17,,,
-22,,,
-35,,,
-37,,,
-51,,,
-47,,,
-11,,,
-1,,,
-3,,,
1,,,
-3,,,
10,,,
19,,,
42,,,
74,,,
60,,,
48,,,
51,,,
43,,,
49,,,
39,,,
25,,,
37,,,
24,,,
-5,,,
-13,,,
-18,,,
-8,,,
-7,,,
-29,,,
-17,,,
-8,,,
-18,,,
-3,,,
-8,,,
-32,,,
-33,,,
-24,,,
-34,,,
-52,,,
-60,,,
-73,,,
-83,,,
-91,,,
-103,,,
-103,,,
-100,,,
-102,,,
-92,,,
-66,,,
-37,,,
-29,,,
-51,,,
-70,,,
-72,,,
-57,,,
-42,,,
-50,,,
-62,,,
-74,,,
-105,,,
-127,,,
-138,,,
-144,,,
-133,,,
-144,,,
-152,,,
-116,,,
-112,,,
-130,,,
-117,,,
-102,,,
-75,,,
-44,,,
-51,,,
-70,,,
-80,,,
-82,,,
-54,,,
-23,,,
-21,,,
-19,,,
-10,,,
-7,,,
2,,,
14,,,
17,,,
18,,,
26,,,
34,,,
52,,,
94,,,
109,,,
89,,,
99,,,
121,,,
116,,,
101,,,
109,,,
128,,,
111,,,
70,,,
45,,,
35,,,
39,,,
37,,,
35,,,
67,,,
79,,,
67,,,
88,,,
92,,,
67,,,
59,,,
43,,,
24,,,
24,,,
9,,,
-20,,,
-36,,,
-19,,,
-2,,,
6,,,
32,,,
46,,,
33,,,
20,,,
14,,,
21,,,
35,,,
45,,,
54,,,
77,,,
103,,,
91,,,
55,,,
40,,,
59,,,
78,,,
85,,,
75,,,
55,,,
52,,,
38,,,
20,,,
52,,,
75,,,
78,,,
99,,,
98,,,
100,,,
130,,,
126,,,
103,,,
102,,,
88,,,
53,,,
38,,,
31,,,
19,,,
15,,,
10,,,
-12,,,
-37,,,
-25,,,
1,,,
-13,,,
-28,,,
-30,,,
-52,,,
-60,,,
-74,,,
-100,,,
-85,,,
-89,,,
-119,,,
-131,,,
-137,,,
-118,,,
-118,,,
-139,,,
-99,,,
-49,,,
-48,,,
-75,,,
-106,,,
-120,,,
-129,,,
-125,,,
-112,,,
-102,,,
-89,,,
-100,,,
-98,,,
-66,,,
-66,,,
-84,,,
-86,,,
-85,,,
-91,,,
-80,,,
-64,,,
-75,,,
-78,,,
-53,,,
-47,,,
-54,,,
-69,,,
-88,,,
-76,,,
-86,,,
-110,,,
-82,,,
-48,,,
-38,,,
-40,,,
-27,,,
6,,,
13,,,
30,,,
45,,,
36,,,
72,,,
105,,,
97,,,
102,,,
88,,,
82,,,
122,,,
149,,,
150,,,
128,,,
107,,,
108,,,
115,,,
124,,,
128,,,
117,,,
105,,,
90,,,
58,,,
57,,,
89,,,
81,,,
66,,,
64,,,
45,,,
37,,,
45,,,
67,,,
76,,,
49,,,
24,,,
1,,,
2,,,
-1,,,
-34,,,
-29,,,
-13,,,
-12,,,
-8,,,
-1,,,
23,,,
7,,,
-28,,,
-4,,,
19,,,
7,,,
5,,,
8,,,
-3,,,
-13,,,
-10,,,
-3,,,
3,,,
-3,,,
-10,,,
-17,,,
-40,,,
-60,,,
-65,,,
-70,,,
-72,,,
-78,,,
-83,,,
-87,,,
-94,,,
-80,,,
-73,,,
-88,,,
-87,,,
-58,,,
-40,,,
-57,,,
-65,,,
-37,,,
-14,,,
-1,,,
25,,,
34,,,
10,,,
8,,,
21,,,
8,,,
2,,,
6,,,
1,,,
8,,,
5,,,
-19,,,
-20,,,
-14,,,
-17,,,
-20,,,
-42,,,
-64,,,
-60,,,
-46,,,
-28,,,
-20,,,
-57,,,
-58,,,
-23,,,
-31,,,
-8,,,
29,,,
16,,,
22,,,
44,,,
44,,,
20,,,
-10,,,
-8,,,
11,,,
20,,,
20,,,
21,,,
20,,,
7,,,
16,,,
48,,,
54,,,
52,,,
65,,,
82,,,
90,,,
82,,,
79,,,
66,,,
60,,,
77,,,
90,,,
104,,,
104,,,
96,,,
101,,,
69,,,
29,,,
28,,,
26,,,
30,,,
41,,,
44,,,
45,,,
19,,,
5,,,
23,,,
30,,,
20,,,
0,,,
-2,,,
13,,,
4,,,
-2,,,
18,,,
24,,,
27,,,
36,,,
12,,,
7,,,
10,,,
-24,,,
-19,,,
-10,,,
-29,,,
-30,,,
-55,,,
-75,,,
-60,,,
-59,,,
-56,,,
-65,,,
-69,,,
-36,,,
-41,,,
-85,,,
-93,,,
-69,,,
-73,,,
-93,,,
-89,,,
-70,,,
-67,,,
-77,,,
-55,,,
-40,,,
-42,,,
-25,,,
-45,,,
-72,,,
-54,,,
-24,,,
-2,,,
-13,,,
-13,,,
5,,,
-2,,,
-2,,,
0,,,
-4,,,
16,,,
41,,,
56,,,
59,,,
62,,,
65,,,
44,,,
30,,,
18,,,
25,,,
61,,,
40,,,
15,,,
22,,,
-2,,,
-5,,,
13,,,
-16,,,
-39,,,
-41,,,
-74,,,
-81,,,
-56,,,
-56,,,
-38,,,
-13,,,
-13,,,
1,,,
-4,,,
-31,,,
-18,,,
2,,,
13,,,
15,,,
-10,,,
-12,,,
13,,,
2,,,
-15,,,
-8,,,
-8,,,
-14,,,
-33,,,
-40,,,
-6,,,
11,,,
8,,,
9,,,
24,,,
42,,,
30,,,
15,,,
7,,,
-8,,,
-13,,,
-2,,,
20,,,
43,,,
37,,,
20,,,
13,,,
-1,,,
-6,,,
-1,,,
1,,,
14,,,
5,,,
-2,,,
45,,,
53,,,
21,,,
37,,,
35,,,
2,,,
16,,,
41,,,
38,,,
26,,,
8,,,
-1,,,
-1,,,
0,,,
10,,,
17,,,
22,,,
30,,,
17,,,
6,,,
18,,,
11,,,
-1,,,
3,,,
8,,,
2,,,
-5,,,
2,,,
19,,,
21,,,
0,,,
-5,,,
17,,,
15,,,
-17,,,
-15,,,
2,,,
-16,,,
-7,,,
17,,,
9,,,
-4,,,
-13,,,
-26,,,
-37,,,
-43,,,
-39,,,
-25,,,
-5,,,
-1,,,
-9,,,
23,,,
61,,,
38,,,
9,,,
4,,,
15,,,
35,,,
27,,,
23,,,
38,,,
47,,,
56,,,
53,,,
35,,,
7,,,
-6,,,
11,,,
12,,,
-13,,,
-23,,,
-23,,,
-18,,,
-8,,,
-9,,,
7,,,
33,,,
20,,,
3,,,
3,,,
-11,,,
-38,,,
-76,,,
-88,,,
-74,,,
-88,,,
-83,,,
-75,,,
-111,,,
-129,,,
-131,,,
-129,,,
-115,,,
-110,,,
-100,,,
-98,,,
-81,,,
-47,,,
-38,,,
-18,,,
-8,,,
-17,,,
-19,,,
-32,,,
-50,,,
-50,,,
-17,,,
23,,,
37,,,
38,,,
48,,,
60,,,
58,,,
64,,,
92,,,
107,,,
101,,,
86,,,
74,,,
77,,,
76,,,
85,,,
95,,,
98,,,
100,,,
81,,,
77,,,
80,,,
69,,,
71,,,
77,,,
83,,,
82,,,
76,,,
65,,,
35,,,
29,,,
28,,,
3,,,
-1,,,
17,,,
40,,,
53,,,
47,,,
41,,,
24,,,
2,,,
12,,,
45,,,
46,,,
11,,,
7,,,
15,,,
2,,,
6,,,
11,,,
26,,,
34,,,
0,,,
-20,,,
-8,,,
-6,,,
-15,,,
-32,,,
-55,,,
-54,,,
-46,,,
-62,,,
-67,,,
-63,,,
-67,,,
-59,,,
-46,,,
-32,,,
-16,,,
-21,,,
-26,,,
