ID,Gender,Language
anonymous-20100204-yqf,Male,EN
mramige-20100820-thj,Male,EN
anonymous-20090310-cfk,Male,EN
camdixon-20141207-irj,Male,EN
observing-20080807-nwy,Male,EN
observing-20080807-gld,Male,EN
samuelbuffet-20090711-mvm,Male,EN
anonymous-20081227-ptr,Male,EN
bhart-20100106-djk,Male,EN
joel-20110310-kcq,Male,EN
azmisov-20140428-cyp,Male,EN
mfread-10112006-4,male;,Unknown
anonymous-20100727-ujn,Male,EN
pcsnpny-20150322-zze,Male,EN
anonymous-20110514-sdj,Male,EN
anonymous-20141002-qgp,Male,EN
anonymous-20100914-whx,Male,EN
Saul-20080221-xai,Male,EN
anonymous-20091215-jjn,male,EN
bugsysservant-20091103-aqv,Male,EN
anonymous-20100314-vvg,male,EN
anonymous-20090121-uax,Male,EN
kfinity-20101222-cgk,Male,EN
Sundar-20130423-maj,Male,EN
TomM-20120224-odu,Male,EN
anonymous-20081116-xvn,Male,EN
anonymous-20111121-zht,Female,EN
tomhannen-20080411-ium,Male,EN
anonymous-20080904-qzg,Male,EN
Mike-20081010-gmj,Male,EN
anonymous-20090729-qma,Male,EN
anonymous-20090514-lnt,Female,EN
anonymous-20131116-mig,Male,EN
anonymous-25571202-coo,Male,EN
anonymous-20100125-gkc,Male,EN
jcwill-20131104-pah,Male,EN
farmerjack-20080829-pby,Male,EN
anonymous-20110720-oct,male,EN
anonymous-20100312-soq,male,EN
